{
    "anchorpoints": [],
    "portpins": [
        {
            "name": "1",
            "position": [
                22.3774500060851,
                50.760299985911345,
                0.852208490245916
            ],
            "rotation": [
                -0.00020856867269841597,
                -0.9999999776222555,
                3.542029715045951e-05,
                -0.9858842211450215,
                0.00021155493064782443,
                0.16742836600106153,
                -0.16742836974773082,
                0.0,
                -0.9858842432068873
            ]
        }
    ],
    "version": 7
}