{
    "anchorpoints": [],
    "portpins": [
        {
            "name": "1",
            "position": [
                22.333000776473277,
                38.20600057111149,
                0.4355604700049818
            ],
            "rotation": [
                0.0,
                0.0,
                -1.0,
                0.0,
                1.0,
                0.0,
                1.0,
                -0.0,
                0.0
            ]
        },
        {
            "name": "2",
            "position": [
                22.352000015091974,
                50.66400078236603,
                0.4355604700049818
            ],
            "rotation": [
                0.0,
                0.0,
                -1.0,
                0.0,
                1.0,
                0.0,
                1.0,
                -0.0,
                0.0
            ]
        }
    ],
    "version": 7
}