Frontend-Node:  ======================
                Mesher selection: FPBA
                ======================

>>>>>>>>>>>>>>>>>>>>>>>>>>>>>>>>
Sat Sat Apr 26 04:12:37 2025
started: parallelization control
>>>>>>>>>>>>>>>>>>>>>>>>>>>>>>>>

=================================================================================
 - hardware info
   + cpu name                    : 12th Gen Intel(R) Core(TM) i5-12400F
   + sockets                     : 1
   + cores per socket            : 6
   + hyperthreading              : on
   + ht-units                    : 2
   + max cpuid level             : 32
   + max cpuid ext. level        : 8
   + numa nodes                  : 1
   + internal cpu info           : CPUID: selected engine is 'Leaf 0xB detection'
apic ids           : 0, 1, 2, 3, 4, 5, 6, 7, 8, 9, 10, 11
apic ids (fallback): 0, 1, 2, 3, 4, 5, 6, 7, 8, 9, 10, 11
from cpu registers: 0, 1, 2, 3, 4, 5, 6, 7, 8, 9, 10, 11
fallback: 0, 1, 2, 3, 4, 5, 6, 7, 8, 9, 10, 11
combined: 0, 1, 2, 3, 4, 5, 6, 7, 8, 9, 10, 11
max id per cpu: 32
SMT mask: 1
Core mask: 1e
Package mask: ffffffe0
set results:
  - packages: 1
  - cores: 6
  - smts: 2
generate core map, new implementation
0, 1, 2, 3, 4, 5, 6, 7, 8, 9, 10, 11
packages: 1
cores   : 6
ht units: 2
 - pinning rule in use   : PINNING_RULE_MCALC_SKIP_ALL
 - desired group         : 0
 - num cores available   : 12
 - active core list from affinity: 
   + num accessible procs          : 12
   + num logical procs             : 12
   + current affinity (env)        : 0,1,2,3,4,5,6,7,8,9,10,11
   + sockets ids in                : 0
   + core list                  (1): 0,2,4,6,8,10
 - active cores          : 0,2,4,6,8,10
 - hyperthreading        : on
 - allowed core ids      : 0,2,4,6,8,10
 - allowed core ids (aff): 101010 101010 
 - used mask (string)    : 101010 101010 
=================================================================================

=============================================================================
Version: 2024.1 Release from 2023-10-16 (change 1181985) [Release]
Workflow: QQ-Facets
Operation: [acis, fpba, bg]
Architecture: Windows, ID: AMD64
System Windows-64bit
Using processor group 0/1
Matrix calculation information:
# of Nodes: 0
Concurrency: 0
Start ID: 0
Node ID: 0
HEX Mesh information:
Hex mesh: global: [hxr o(0 | 0 | 0) s(277 | 408 | 24) np (no TSTs): 2712384] 
=============================================================================

>>>>>>>>>>>>>>>>>>>>>>>>>>>>>
Sat Sat Apr 26 04:12:37 2025
started: processing CAD model
>>>>>>>>>>>>>>>>>>>>>>>>>>>>>

========================================================================
Processing CAD model (for field results)
	[Improved internal geometry representation]
	[Accuracy improvement for long shapes in inhomogeneous mesh regions]
Version: 2024.1 Release from 2023-10-16 (change 1181985)
PBA version 2023101624
Sub-Workflow: Facets-QQ-GEX
Workflow updated: -
Sat Sat Apr 26 04:12:37 2025
========================================================================

===========================================
Finished CAD processing (for field results)
===========================================

<<<<<<<<<<<<<<<<<<<<<<<<<<<<<<<<<<<<<<<<<<
Sat Sat Apr 26 04:12:40 2025
Resource usage for processing CAD model:
	Runtime                 00:00:03.00361
	Peak Memory Usage:              159 MB
<<<<<<<<<<<<<<<<<<<<<<<<<<<<<<<<<<<<<<<<<<

>>>>>>>>>>>>>>>>>>>>>>>>>>>>>
Sat Sat Apr 26 04:12:40 2025
started: processing CAD model
>>>>>>>>>>>>>>>>>>>>>>>>>>>>>

========================================================================
Processing CAD model
	[Improved internal geometry representation]
	[Accuracy improvement for long shapes in inhomogeneous mesh regions]
Version: 2024.1 Release from 2023-10-16 (change 1181985)
PBA version 2023101624
Sub-Workflow: Facets-QQ-GEX
Workflow updated: -
Sat Sat Apr 26 04:12:40 2025
========================================================================

---------------------------------------------
Used point accuracy enhancement value: 0.00%.
---------------------------------------------

=============================================================================
Mesh statistics:
-----------------------------------------------------------------------------
Minimum edge length (x): 0.15 @ mesh line 250 (x)
Maximum edge length (x): 5.54 @ mesh line 0 (x)
Minimum face area (x): 0.0409 @ mesh lines 384 | 12 (y | z)
Maximum face area (x): 31 @ mesh lines 0 | 21 (y | z)
Minimum edge length (y): 0.15 @ mesh line 384 (y)
Maximum edge length (y): 5.49 @ mesh line 0 (y)
Minimum face area (y): 0.0409 @ mesh lines 12 | 250 (z | x)
Maximum face area (y): 31.3 @ mesh lines 21 | 0 (z | x)
Minimum edge length (z): 0.273 @ mesh line 12 (z)
Maximum edge length (z): 5.65 @ mesh line 21 (z)
Minimum face area (z): 0.0225 @ mesh lines 250 | 384 (x | y)
Maximum face area (z): 30.4 @ mesh lines 0 | 0 (x | y)
Maximum mesh face aspect ratio (x): 37.7 : 1.0  @ mesh lines 384 | 21 (y | z)
Maximum mesh face aspect ratio (y): 37.7 : 1.0  @ mesh lines 21 | 250 (z | x)
Maximum mesh face aspect ratio (z): 36.9 : 1.0  @ mesh lines 0 | 384 (x | y)
=============================================================================

===========================================================================
Available resources to store TST cells: 2144771263 (79073.29% of mesh size)
===========================================================================

------------------------------------------------------------------------------------------------
Geometry processing log
	PEC background is represented by CAD geometry: false
	Background shape: added
	Multithread portion: 100.00
	Number of CAD shapes: 193
	Number of lumps: 157
------------------------------------------------------------------------------------------------
=========================================
== CST Matrix Calculation Priority Log ==
=========================================
Priorities are sorted in ascending order beginning with the lowest priority
 
Group | Shape-ID | ShapeName | Material | User-priority | 2D/3D-Geometry | Material-attributes | Shape-attributes | Feature-ID | Schemetype
1 | 355 | </cst/Boundaries/> Low^X | $NFSMaterial$ | n/a | no | normal.vacuum. | boundary. | n/a | FIT_TD
1 | 356 | </cst/Boundaries/> Low^Y | $NFSMaterial$ | n/a | no | normal.vacuum. | boundary. | n/a | FIT_TD
1 | 357 | </cst/Boundaries/> Low^Z | $NFSMaterial$ | n/a | no | normal.vacuum. | boundary. | n/a | FIT_TD
1 | 358 | </cst/Boundaries/> Up^X | $NFSMaterial$ | n/a | no | normal.vacuum. | boundary. | n/a | FIT_TD
1 | 359 | </cst/Boundaries/> Up^Y | $NFSMaterial$ | n/a | no | normal.vacuum. | boundary. | n/a | FIT_TD
1 | 360 | </cst/Boundaries/> Up^Z | $NFSMaterial$ | n/a | no | normal.vacuum. | boundary. | n/a | FIT_TD
2 | 353 | </cst/Lumped Elements/> EFR32(PCB1):element1^t0 | EFR32(PCB1)/Copper | n/a | no | pec.rho.surface-impedance. | edge-element.lumped-element.wire. | n/a | FIT_TD
2 | 354 | </cst/Lumped Elements/> EFR32(PCB1):element1^t1 | EFR32(PCB1)/Copper | n/a | no | pec.rho.surface-impedance. | edge-element.lumped-element.wire. | n/a | FIT_TD
2 | 351 | </cst/Ports/> 1^t0 | EFR32(PCB1)/Copper | n/a | no | pec.rho.surface-impedance. | edge-element.wire. | n/a | FIT_TD
2 | 352 | </cst/Ports/> 1^t1 | EFR32(PCB1)/Copper | n/a | no | pec.rho.surface-impedance. | edge-element.wire. | n/a | FIT_TD
3 | 363 | </cst/Lumped Elements/> discrete_face_port:EFR32(PCB1):C10^t0 | EFR32(PCB1)/Copper | n/a | no | pec.rho.surface-impedance. | face-element.face-port.lumped-element.sheet. | n/a | FIT_TD
3 | 364 | </cst/Lumped Elements/> discrete_face_port:EFR32(PCB1):C10^t1 | EFR32(PCB1)/Copper | n/a | no | pec.rho.surface-impedance. | face-element.face-port.lumped-element.sheet. | n/a | FIT_TD
3 | 365 | </cst/Lumped Elements/> discrete_face_port:EFR32(PCB1):C11^t0 | EFR32(PCB1)/Copper | n/a | no | pec.rho.surface-impedance. | face-element.face-port.lumped-element.sheet. | n/a | FIT_TD
3 | 366 | </cst/Lumped Elements/> discrete_face_port:EFR32(PCB1):C11^t1 | EFR32(PCB1)/Copper | n/a | no | pec.rho.surface-impedance. | face-element.face-port.lumped-element.sheet. | n/a | FIT_TD
3 | 367 | </cst/Lumped Elements/> discrete_face_port:EFR32(PCB1):C12^t0 | EFR32(PCB1)/Copper | n/a | no | pec.rho.surface-impedance. | face-element.face-port.lumped-element.sheet. | n/a | FIT_TD
3 | 368 | </cst/Lumped Elements/> discrete_face_port:EFR32(PCB1):C12^t1 | EFR32(PCB1)/Copper | n/a | no | pec.rho.surface-impedance. | face-element.face-port.lumped-element.sheet. | n/a | FIT_TD
3 | 369 | </cst/Lumped Elements/> discrete_face_port:EFR32(PCB1):C13^t0 | EFR32(PCB1)/Copper | n/a | no | pec.rho.surface-impedance. | face-element.face-port.lumped-element.sheet. | n/a | FIT_TD
3 | 370 | </cst/Lumped Elements/> discrete_face_port:EFR32(PCB1):C13^t1 | EFR32(PCB1)/Copper | n/a | no | pec.rho.surface-impedance. | face-element.face-port.lumped-element.sheet. | n/a | FIT_TD
3 | 371 | </cst/Lumped Elements/> discrete_face_port:EFR32(PCB1):C14^t0 | EFR32(PCB1)/Copper | n/a | no | pec.rho.surface-impedance. | face-element.face-port.lumped-element.sheet. | n/a | FIT_TD
3 | 372 | </cst/Lumped Elements/> discrete_face_port:EFR32(PCB1):C14^t1 | EFR32(PCB1)/Copper | n/a | no | pec.rho.surface-impedance. | face-element.face-port.lumped-element.sheet. | n/a | FIT_TD
3 | 373 | </cst/Lumped Elements/> discrete_face_port:EFR32(PCB1):C18^t0 | EFR32(PCB1)/Copper | n/a | no | pec.rho.surface-impedance. | face-element.face-port.lumped-element.sheet. | n/a | FIT_TD
3 | 374 | </cst/Lumped Elements/> discrete_face_port:EFR32(PCB1):C18^t1 | EFR32(PCB1)/Copper | n/a | no | pec.rho.surface-impedance. | face-element.face-port.lumped-element.sheet. | n/a | FIT_TD
3 | 375 | </cst/Lumped Elements/> discrete_face_port:EFR32(PCB1):C19^t0 | EFR32(PCB1)/Copper | n/a | no | pec.rho.surface-impedance. | face-element.face-port.lumped-element.sheet. | n/a | FIT_TD
3 | 376 | </cst/Lumped Elements/> discrete_face_port:EFR32(PCB1):C19^t1 | EFR32(PCB1)/Copper | n/a | no | pec.rho.surface-impedance. | face-element.face-port.lumped-element.sheet. | n/a | FIT_TD
3 | 361 | </cst/Lumped Elements/> discrete_face_port:EFR32(PCB1):C1^t0 | EFR32(PCB1)/Copper | n/a | no | pec.rho.surface-impedance. | face-element.face-port.lumped-element.sheet. | n/a | FIT_TD
3 | 362 | </cst/Lumped Elements/> discrete_face_port:EFR32(PCB1):C1^t1 | EFR32(PCB1)/Copper | n/a | no | pec.rho.surface-impedance. | face-element.face-port.lumped-element.sheet. | n/a | FIT_TD
3 | 379 | </cst/Lumped Elements/> discrete_face_port:EFR32(PCB1):C20^t0 | EFR32(PCB1)/Copper | n/a | no | pec.rho.surface-impedance. | face-element.face-port.lumped-element.sheet. | n/a | FIT_TD
3 | 380 | </cst/Lumped Elements/> discrete_face_port:EFR32(PCB1):C20^t1 | EFR32(PCB1)/Copper | n/a | no | pec.rho.surface-impedance. | face-element.face-port.lumped-element.sheet. | n/a | FIT_TD
3 | 377 | </cst/Lumped Elements/> discrete_face_port:EFR32(PCB1):C2^t0 | EFR32(PCB1)/Copper | n/a | no | pec.rho.surface-impedance. | face-element.face-port.lumped-element.sheet. | n/a | FIT_TD
3 | 378 | </cst/Lumped Elements/> discrete_face_port:EFR32(PCB1):C2^t1 | EFR32(PCB1)/Copper | n/a | no | pec.rho.surface-impedance. | face-element.face-port.lumped-element.sheet. | n/a | FIT_TD
3 | 381 | </cst/Lumped Elements/> discrete_face_port:EFR32(PCB1):C3^t0 | EFR32(PCB1)/Copper | n/a | no | pec.rho.surface-impedance. | face-element.face-port.lumped-element.sheet. | n/a | FIT_TD
3 | 382 | </cst/Lumped Elements/> discrete_face_port:EFR32(PCB1):C3^t1 | EFR32(PCB1)/Copper | n/a | no | pec.rho.surface-impedance. | face-element.face-port.lumped-element.sheet. | n/a | FIT_TD
3 | 383 | </cst/Lumped Elements/> discrete_face_port:EFR32(PCB1):C4^t0 | EFR32(PCB1)/Copper | n/a | no | pec.rho.surface-impedance. | face-element.face-port.lumped-element.sheet. | n/a | FIT_TD
3 | 384 | </cst/Lumped Elements/> discrete_face_port:EFR32(PCB1):C4^t1 | EFR32(PCB1)/Copper | n/a | no | pec.rho.surface-impedance. | face-element.face-port.lumped-element.sheet. | n/a | FIT_TD
3 | 385 | </cst/Lumped Elements/> discrete_face_port:EFR32(PCB1):C5^t0 | EFR32(PCB1)/Copper | n/a | no | pec.rho.surface-impedance. | face-element.face-port.lumped-element.sheet. | n/a | FIT_TD
3 | 386 | </cst/Lumped Elements/> discrete_face_port:EFR32(PCB1):C5^t1 | EFR32(PCB1)/Copper | n/a | no | pec.rho.surface-impedance. | face-element.face-port.lumped-element.sheet. | n/a | FIT_TD
3 | 387 | </cst/Lumped Elements/> discrete_face_port:EFR32(PCB1):C6^t0 | EFR32(PCB1)/Copper | n/a | no | pec.rho.surface-impedance. | face-element.face-port.lumped-element.sheet. | n/a | FIT_TD
3 | 388 | </cst/Lumped Elements/> discrete_face_port:EFR32(PCB1):C6^t1 | EFR32(PCB1)/Copper | n/a | no | pec.rho.surface-impedance. | face-element.face-port.lumped-element.sheet. | n/a | FIT_TD
3 | 389 | </cst/Lumped Elements/> discrete_face_port:EFR32(PCB1):C7^t0 | EFR32(PCB1)/Copper | n/a | no | pec.rho.surface-impedance. | face-element.face-port.lumped-element.sheet. | n/a | FIT_TD
3 | 390 | </cst/Lumped Elements/> discrete_face_port:EFR32(PCB1):C7^t1 | EFR32(PCB1)/Copper | n/a | no | pec.rho.surface-impedance. | face-element.face-port.lumped-element.sheet. | n/a | FIT_TD
3 | 391 | </cst/Lumped Elements/> discrete_face_port:EFR32(PCB1):C8^t0 | EFR32(PCB1)/Copper | n/a | no | pec.rho.surface-impedance. | face-element.face-port.lumped-element.sheet. | n/a | FIT_TD
3 | 392 | </cst/Lumped Elements/> discrete_face_port:EFR32(PCB1):C8^t1 | EFR32(PCB1)/Copper | n/a | no | pec.rho.surface-impedance. | face-element.face-port.lumped-element.sheet. | n/a | FIT_TD
3 | 393 | </cst/Lumped Elements/> discrete_face_port:EFR32(PCB1):C9^t0 | EFR32(PCB1)/Copper | n/a | no | pec.rho.surface-impedance. | face-element.face-port.lumped-element.sheet. | n/a | FIT_TD
3 | 394 | </cst/Lumped Elements/> discrete_face_port:EFR32(PCB1):C9^t1 | EFR32(PCB1)/Copper | n/a | no | pec.rho.surface-impedance. | face-element.face-port.lumped-element.sheet. | n/a | FIT_TD
3 | 395 | </cst/Lumped Elements/> discrete_face_port:EFR32(PCB1):L1^t0 | EFR32(PCB1)/Copper | n/a | no | pec.rho.surface-impedance. | face-element.face-port.lumped-element.sheet. | n/a | FIT_TD
3 | 396 | </cst/Lumped Elements/> discrete_face_port:EFR32(PCB1):L1^t1 | EFR32(PCB1)/Copper | n/a | no | pec.rho.surface-impedance. | face-element.face-port.lumped-element.sheet. | n/a | FIT_TD
3 | 397 | </cst/Lumped Elements/> discrete_face_port:EFR32(PCB1):L2^t0 | EFR32(PCB1)/Copper | n/a | no | pec.rho.surface-impedance. | face-element.face-port.lumped-element.sheet. | n/a | FIT_TD
3 | 398 | </cst/Lumped Elements/> discrete_face_port:EFR32(PCB1):L2^t1 | EFR32(PCB1)/Copper | n/a | no | pec.rho.surface-impedance. | face-element.face-port.lumped-element.sheet. | n/a | FIT_TD
3 | 399 | </cst/Lumped Elements/> discrete_face_port:EFR32(PCB1):L3^t0 | EFR32(PCB1)/Copper | n/a | no | pec.rho.surface-impedance. | face-element.face-port.lumped-element.sheet. | n/a | FIT_TD
3 | 400 | </cst/Lumped Elements/> discrete_face_port:EFR32(PCB1):L3^t1 | EFR32(PCB1)/Copper | n/a | no | pec.rho.surface-impedance. | face-element.face-port.lumped-element.sheet. | n/a | FIT_TD
3 | 403 | </cst/Lumped Elements/> discrete_face_port:EFR32(PCB1):R12^t0 | EFR32(PCB1)/Copper | n/a | no | pec.rho.surface-impedance. | face-element.face-port.lumped-element.sheet. | n/a | FIT_TD
3 | 404 | </cst/Lumped Elements/> discrete_face_port:EFR32(PCB1):R12^t1 | EFR32(PCB1)/Copper | n/a | no | pec.rho.surface-impedance. | face-element.face-port.lumped-element.sheet. | n/a | FIT_TD
3 | 405 | </cst/Lumped Elements/> discrete_face_port:EFR32(PCB1):R13^t0 | EFR32(PCB1)/Copper | n/a | no | pec.rho.surface-impedance. | face-element.face-port.lumped-element.sheet. | n/a | FIT_TD
3 | 406 | </cst/Lumped Elements/> discrete_face_port:EFR32(PCB1):R13^t1 | EFR32(PCB1)/Copper | n/a | no | pec.rho.surface-impedance. | face-element.face-port.lumped-element.sheet. | n/a | FIT_TD
3 | 401 | </cst/Lumped Elements/> discrete_face_port:EFR32(PCB1):R1^t0 | EFR32(PCB1)/Copper | n/a | no | pec.rho.surface-impedance. | face-element.face-port.lumped-element.sheet. | n/a | FIT_TD
3 | 402 | </cst/Lumped Elements/> discrete_face_port:EFR32(PCB1):R1^t1 | EFR32(PCB1)/Copper | n/a | no | pec.rho.surface-impedance. | face-element.face-port.lumped-element.sheet. | n/a | FIT_TD
3 | 407 | </cst/Lumped Elements/> discrete_face_port:EFR32(PCB1):R2^t0 | EFR32(PCB1)/Copper | n/a | no | pec.rho.surface-impedance. | face-element.face-port.lumped-element.sheet. | n/a | FIT_TD
3 | 408 | </cst/Lumped Elements/> discrete_face_port:EFR32(PCB1):R2^t1 | EFR32(PCB1)/Copper | n/a | no | pec.rho.surface-impedance. | face-element.face-port.lumped-element.sheet. | n/a | FIT_TD
3 | 409 | </cst/Lumped Elements/> discrete_face_port:EFR32(PCB1):R3^t0 | EFR32(PCB1)/Copper | n/a | no | pec.rho.surface-impedance. | face-element.face-port.lumped-element.sheet. | n/a | FIT_TD
3 | 410 | </cst/Lumped Elements/> discrete_face_port:EFR32(PCB1):R3^t1 | EFR32(PCB1)/Copper | n/a | no | pec.rho.surface-impedance. | face-element.face-port.lumped-element.sheet. | n/a | FIT_TD
3 | 411 | </cst/Lumped Elements/> discrete_face_port:EFR32(PCB1):R4^t0 | EFR32(PCB1)/Copper | n/a | no | pec.rho.surface-impedance. | face-element.face-port.lumped-element.sheet. | n/a | FIT_TD
3 | 412 | </cst/Lumped Elements/> discrete_face_port:EFR32(PCB1):R4^t1 | EFR32(PCB1)/Copper | n/a | no | pec.rho.surface-impedance. | face-element.face-port.lumped-element.sheet. | n/a | FIT_TD
3 | 413 | </cst/Lumped Elements/> discrete_face_port:EFR32(PCB1):R7^t0 | EFR32(PCB1)/Copper | n/a | no | pec.rho.surface-impedance. | face-element.face-port.lumped-element.sheet. | n/a | FIT_TD
3 | 414 | </cst/Lumped Elements/> discrete_face_port:EFR32(PCB1):R7^t1 | EFR32(PCB1)/Copper | n/a | no | pec.rho.surface-impedance. | face-element.face-port.lumped-element.sheet. | n/a | FIT_TD
3 | 415 | </cst/Lumped Elements/> discrete_face_port:EFR32(PCB1):R8^t0 | EFR32(PCB1)/Copper | n/a | no | pec.rho.surface-impedance. | face-element.face-port.lumped-element.sheet. | n/a | FIT_TD
3 | 416 | </cst/Lumped Elements/> discrete_face_port:EFR32(PCB1):R8^t1 | EFR32(PCB1)/Copper | n/a | no | pec.rho.surface-impedance. | face-element.face-port.lumped-element.sheet. | n/a | FIT_TD
3 | 417 | </cst/Lumped Elements/> discrete_face_port:EFR32(PCB1):R9^t0 | EFR32(PCB1)/Copper | n/a | no | pec.rho.surface-impedance. | face-element.face-port.lumped-element.sheet. | n/a | FIT_TD
3 | 418 | </cst/Lumped Elements/> discrete_face_port:EFR32(PCB1):R9^t1 | EFR32(PCB1)/Copper | n/a | no | pec.rho.surface-impedance. | face-element.face-port.lumped-element.sheet. | n/a | FIT_TD
4 | 159 | EFR32(PCB1)/Substrates:01_SOLDER_MASK_TOP | EFR32(PCB1)/FR4 | n/a | yes | dispersive-mue.normal.rho. | solid. | n/a | FIT_TD
4 | 160 | EFR32(PCB1)/Substrates:03_DIELECTRIC_1 | EFR32(PCB1)/FR4 | n/a | yes | dispersive-mue.normal.rho. | solid. | n/a | FIT_TD
4 | 161 | EFR32(PCB1)/Substrates:05_SOLDER_MASK_BOTTOM | EFR32(PCB1)/FR4 | n/a | yes | dispersive-mue.normal.rho. | solid. | n/a | FIT_TD
5 | 158 | EFR32(PCB1)/PEC Sheets:leads | EFR32(PCB1)/PEC Sheets | n/a | yes | pec. | sheet. | n/a | FIT_TD
5 | 294 | EFR32(PCB1)/PEC Sheets:leads (Lump 2) | EFR32(PCB1)/PEC Sheets | n/a | yes | pec. | sheet. | n/a | FIT_TD
5 | 295 | EFR32(PCB1)/PEC Sheets:leads (Lump 3) | EFR32(PCB1)/PEC Sheets | n/a | yes | pec. | sheet. | n/a | FIT_TD
5 | 296 | EFR32(PCB1)/PEC Sheets:leads (Lump 4) | EFR32(PCB1)/PEC Sheets | n/a | yes | pec. | sheet. | n/a | FIT_TD
5 | 297 | EFR32(PCB1)/PEC Sheets:leads (Lump 5) | EFR32(PCB1)/PEC Sheets | n/a | yes | pec. | sheet. | n/a | FIT_TD
5 | 298 | EFR32(PCB1)/PEC Sheets:leads (Lump 6) | EFR32(PCB1)/PEC Sheets | n/a | yes | pec. | sheet. | n/a | FIT_TD
5 | 299 | EFR32(PCB1)/PEC Sheets:leads (Lump 7) | EFR32(PCB1)/PEC Sheets | n/a | yes | pec. | sheet. | n/a | FIT_TD
5 | 300 | EFR32(PCB1)/PEC Sheets:leads (Lump 8) | EFR32(PCB1)/PEC Sheets | n/a | yes | pec. | sheet. | n/a | FIT_TD
5 | 301 | EFR32(PCB1)/PEC Sheets:leads (Lump 9) | EFR32(PCB1)/PEC Sheets | n/a | yes | pec. | sheet. | n/a | FIT_TD
5 | 302 | EFR32(PCB1)/PEC Sheets:leads (Lump 10) | EFR32(PCB1)/PEC Sheets | n/a | yes | pec. | sheet. | n/a | FIT_TD
5 | 303 | EFR32(PCB1)/PEC Sheets:leads (Lump 11) | EFR32(PCB1)/PEC Sheets | n/a | yes | pec. | sheet. | n/a | FIT_TD
5 | 304 | EFR32(PCB1)/PEC Sheets:leads (Lump 12) | EFR32(PCB1)/PEC Sheets | n/a | yes | pec. | sheet. | n/a | FIT_TD
5 | 305 | EFR32(PCB1)/PEC Sheets:leads (Lump 13) | EFR32(PCB1)/PEC Sheets | n/a | yes | pec. | sheet. | n/a | FIT_TD
5 | 306 | EFR32(PCB1)/PEC Sheets:leads (Lump 14) | EFR32(PCB1)/PEC Sheets | n/a | yes | pec. | sheet. | n/a | FIT_TD
5 | 307 | EFR32(PCB1)/PEC Sheets:leads (Lump 15) | EFR32(PCB1)/PEC Sheets | n/a | yes | pec. | sheet. | n/a | FIT_TD
5 | 308 | EFR32(PCB1)/PEC Sheets:leads (Lump 16) | EFR32(PCB1)/PEC Sheets | n/a | yes | pec. | sheet. | n/a | FIT_TD
5 | 309 | EFR32(PCB1)/PEC Sheets:leads (Lump 17) | EFR32(PCB1)/PEC Sheets | n/a | yes | pec. | sheet. | n/a | FIT_TD
5 | 310 | EFR32(PCB1)/PEC Sheets:leads (Lump 18) | EFR32(PCB1)/PEC Sheets | n/a | yes | pec. | sheet. | n/a | FIT_TD
5 | 311 | EFR32(PCB1)/PEC Sheets:leads (Lump 19) | EFR32(PCB1)/PEC Sheets | n/a | yes | pec. | sheet. | n/a | FIT_TD
5 | 312 | EFR32(PCB1)/PEC Sheets:leads (Lump 20) | EFR32(PCB1)/PEC Sheets | n/a | yes | pec. | sheet. | n/a | FIT_TD
5 | 313 | EFR32(PCB1)/PEC Sheets:leads (Lump 21) | EFR32(PCB1)/PEC Sheets | n/a | yes | pec. | sheet. | n/a | FIT_TD
5 | 314 | EFR32(PCB1)/PEC Sheets:leads (Lump 22) | EFR32(PCB1)/PEC Sheets | n/a | yes | pec. | sheet. | n/a | FIT_TD
5 | 315 | EFR32(PCB1)/PEC Sheets:leads (Lump 23) | EFR32(PCB1)/PEC Sheets | n/a | yes | pec. | sheet. | n/a | FIT_TD
5 | 316 | EFR32(PCB1)/PEC Sheets:leads (Lump 24) | EFR32(PCB1)/PEC Sheets | n/a | yes | pec. | sheet. | n/a | FIT_TD
5 | 317 | EFR32(PCB1)/PEC Sheets:leads (Lump 25) | EFR32(PCB1)/PEC Sheets | n/a | yes | pec. | sheet. | n/a | FIT_TD
5 | 318 | EFR32(PCB1)/PEC Sheets:leads (Lump 26) | EFR32(PCB1)/PEC Sheets | n/a | yes | pec. | sheet. | n/a | FIT_TD
5 | 319 | EFR32(PCB1)/PEC Sheets:leads (Lump 27) | EFR32(PCB1)/PEC Sheets | n/a | yes | pec. | sheet. | n/a | FIT_TD
5 | 320 | EFR32(PCB1)/PEC Sheets:leads (Lump 28) | EFR32(PCB1)/PEC Sheets | n/a | yes | pec. | sheet. | n/a | FIT_TD
5 | 321 | EFR32(PCB1)/PEC Sheets:leads (Lump 29) | EFR32(PCB1)/PEC Sheets | n/a | yes | pec. | sheet. | n/a | FIT_TD
5 | 322 | EFR32(PCB1)/PEC Sheets:leads (Lump 30) | EFR32(PCB1)/PEC Sheets | n/a | yes | pec. | sheet. | n/a | FIT_TD
5 | 323 | EFR32(PCB1)/PEC Sheets:leads (Lump 31) | EFR32(PCB1)/PEC Sheets | n/a | yes | pec. | sheet. | n/a | FIT_TD
5 | 324 | EFR32(PCB1)/PEC Sheets:leads (Lump 32) | EFR32(PCB1)/PEC Sheets | n/a | yes | pec. | sheet. | n/a | FIT_TD
5 | 325 | EFR32(PCB1)/PEC Sheets:leads (Lump 33) | EFR32(PCB1)/PEC Sheets | n/a | yes | pec. | sheet. | n/a | FIT_TD
5 | 326 | EFR32(PCB1)/PEC Sheets:leads (Lump 34) | EFR32(PCB1)/PEC Sheets | n/a | yes | pec. | sheet. | n/a | FIT_TD
5 | 327 | EFR32(PCB1)/PEC Sheets:leads (Lump 35) | EFR32(PCB1)/PEC Sheets | n/a | yes | pec. | sheet. | n/a | FIT_TD
5 | 328 | EFR32(PCB1)/PEC Sheets:leads (Lump 36) | EFR32(PCB1)/PEC Sheets | n/a | yes | pec. | sheet. | n/a | FIT_TD
5 | 329 | EFR32(PCB1)/PEC Sheets:leads (Lump 37) | EFR32(PCB1)/PEC Sheets | n/a | yes | pec. | sheet. | n/a | FIT_TD
5 | 330 | EFR32(PCB1)/PEC Sheets:leads (Lump 38) | EFR32(PCB1)/PEC Sheets | n/a | yes | pec. | sheet. | n/a | FIT_TD
5 | 331 | EFR32(PCB1)/PEC Sheets:leads (Lump 39) | EFR32(PCB1)/PEC Sheets | n/a | yes | pec. | sheet. | n/a | FIT_TD
5 | 332 | EFR32(PCB1)/PEC Sheets:leads (Lump 40) | EFR32(PCB1)/PEC Sheets | n/a | yes | pec. | sheet. | n/a | FIT_TD
5 | 333 | EFR32(PCB1)/PEC Sheets:leads (Lump 41) | EFR32(PCB1)/PEC Sheets | n/a | yes | pec. | sheet. | n/a | FIT_TD
5 | 334 | EFR32(PCB1)/PEC Sheets:leads (Lump 42) | EFR32(PCB1)/PEC Sheets | n/a | yes | pec. | sheet. | n/a | FIT_TD
5 | 335 | EFR32(PCB1)/PEC Sheets:leads (Lump 43) | EFR32(PCB1)/PEC Sheets | n/a | yes | pec. | sheet. | n/a | FIT_TD
5 | 336 | EFR32(PCB1)/PEC Sheets:leads (Lump 44) | EFR32(PCB1)/PEC Sheets | n/a | yes | pec. | sheet. | n/a | FIT_TD
5 | 337 | EFR32(PCB1)/PEC Sheets:leads (Lump 45) | EFR32(PCB1)/PEC Sheets | n/a | yes | pec. | sheet. | n/a | FIT_TD
5 | 338 | EFR32(PCB1)/PEC Sheets:leads (Lump 46) | EFR32(PCB1)/PEC Sheets | n/a | yes | pec. | sheet. | n/a | FIT_TD
5 | 339 | EFR32(PCB1)/PEC Sheets:leads (Lump 47) | EFR32(PCB1)/PEC Sheets | n/a | yes | pec. | sheet. | n/a | FIT_TD
5 | 340 | EFR32(PCB1)/PEC Sheets:leads (Lump 48) | EFR32(PCB1)/PEC Sheets | n/a | yes | pec. | sheet. | n/a | FIT_TD
5 | 341 | EFR32(PCB1)/PEC Sheets:leads (Lump 49) | EFR32(PCB1)/PEC Sheets | n/a | yes | pec. | sheet. | n/a | FIT_TD
5 | 342 | EFR32(PCB1)/PEC Sheets:leads (Lump 50) | EFR32(PCB1)/PEC Sheets | n/a | yes | pec. | sheet. | n/a | FIT_TD
5 | 343 | EFR32(PCB1)/PEC Sheets:leads (Lump 51) | EFR32(PCB1)/PEC Sheets | n/a | yes | pec. | sheet. | n/a | FIT_TD
5 | 344 | EFR32(PCB1)/PEC Sheets:leads (Lump 52) | EFR32(PCB1)/PEC Sheets | n/a | yes | pec. | sheet. | n/a | FIT_TD
5 | 345 | EFR32(PCB1)/PEC Sheets:leads (Lump 53) | EFR32(PCB1)/PEC Sheets | n/a | yes | pec. | sheet. | n/a | FIT_TD
5 | 346 | EFR32(PCB1)/PEC Sheets:leads (Lump 54) | EFR32(PCB1)/PEC Sheets | n/a | yes | pec. | sheet. | n/a | FIT_TD
5 | 347 | EFR32(PCB1)/PEC Sheets:leads (Lump 55) | EFR32(PCB1)/PEC Sheets | n/a | yes | pec. | sheet. | n/a | FIT_TD
5 | 348 | EFR32(PCB1)/PEC Sheets:leads (Lump 56) | EFR32(PCB1)/PEC Sheets | n/a | yes | pec. | sheet. | n/a | FIT_TD
5 | 349 | EFR32(PCB1)/PEC Sheets:leads (Lump 57) | EFR32(PCB1)/PEC Sheets | n/a | yes | pec. | sheet. | n/a | FIT_TD
5 | 350 | EFR32(PCB1)/PEC Sheets:leads (Lump 58) | EFR32(PCB1)/PEC Sheets | n/a | yes | pec. | sheet. | n/a | FIT_TD
6 | 1 | EFR32(PCB1)/Nets/AVDD:02_TOP_LAYER | EFR32(PCB1)/Copper | n/a | yes | pec.rho.surface-impedance. | solid. | n/a | FIT_TD
6 | 2 | EFR32(PCB1)/Nets/BUTTON_1:02_TOP_LAYER | EFR32(PCB1)/Copper | n/a | yes | pec.rho.surface-impedance. | solid. | n/a | FIT_TD
6 | 194 | EFR32(PCB1)/Nets/BUTTON_1:02_TOP_LAYER (Lump 2) | EFR32(PCB1)/Copper | n/a | yes | pec.rho.surface-impedance. | solid. | n/a | FIT_TD
6 | 3 | EFR32(PCB1)/Nets/BUTTON_1:04_BOTTOM_LAYER | EFR32(PCB1)/Copper | n/a | yes | pec.rho.surface-impedance. | solid. | n/a | FIT_TD
6 | 4 | EFR32(PCB1)/Nets/BUTTON_1:VIA_TOP_LAYER_BOTTOM_LAYER | EFR32(PCB1)/VIAS_MATERIAL | n/a | yes | pec.rho.surface-impedance. | solid. | n/a | FIT_TD
6 | 195 | EFR32(PCB1)/Nets/BUTTON_1:VIA_TOP_LAYER_BOTTOM_LAYER (Lump 2) | EFR32(PCB1)/VIAS_MATERIAL | n/a | yes | pec.rho.surface-impedance. | solid. | n/a | FIT_TD
6 | 5 | EFR32(PCB1)/Nets/BUTTON_2:02_TOP_LAYER | EFR32(PCB1)/Copper | n/a | yes | pec.rho.surface-impedance. | solid. | n/a | FIT_TD
6 | 196 | EFR32(PCB1)/Nets/BUTTON_2:02_TOP_LAYER (Lump 2) | EFR32(PCB1)/Copper | n/a | yes | pec.rho.surface-impedance. | solid. | n/a | FIT_TD
6 | 6 | EFR32(PCB1)/Nets/BUTTON_2:04_BOTTOM_LAYER | EFR32(PCB1)/Copper | n/a | yes | pec.rho.surface-impedance. | solid. | n/a | FIT_TD
6 | 7 | EFR32(PCB1)/Nets/BUTTON_2:VIA_TOP_LAYER_BOTTOM_LAYER | EFR32(PCB1)/VIAS_MATERIAL | n/a | yes | pec.rho.surface-impedance. | solid. | n/a | FIT_TD
6 | 197 | EFR32(PCB1)/Nets/BUTTON_2:VIA_TOP_LAYER_BOTTOM_LAYER (Lump 2) | EFR32(PCB1)/VIAS_MATERIAL | n/a | yes | pec.rho.surface-impedance. | solid. | n/a | FIT_TD
6 | 8 | EFR32(PCB1)/Nets/DVDD:02_TOP_LAYER | EFR32(PCB1)/Copper | n/a | yes | pec.rho.surface-impedance. | solid. | n/a | FIT_TD
6 | 198 | EFR32(PCB1)/Nets/DVDD:02_TOP_LAYER (Lump 2) | EFR32(PCB1)/Copper | n/a | yes | pec.rho.surface-impedance. | solid. | n/a | FIT_TD
6 | 199 | EFR32(PCB1)/Nets/DVDD:02_TOP_LAYER (Lump 3) | EFR32(PCB1)/Copper | n/a | yes | pec.rho.surface-impedance. | solid. | n/a | FIT_TD
6 | 200 | EFR32(PCB1)/Nets/DVDD:02_TOP_LAYER (Lump 4) | EFR32(PCB1)/Copper | n/a | yes | pec.rho.surface-impedance. | solid. | n/a | FIT_TD
6 | 9 | EFR32(PCB1)/Nets/DVDD:04_BOTTOM_LAYER | EFR32(PCB1)/Copper | n/a | yes | pec.rho.surface-impedance. | solid. | n/a | FIT_TD
6 | 201 | EFR32(PCB1)/Nets/DVDD:04_BOTTOM_LAYER (Lump 2) | EFR32(PCB1)/Copper | n/a | yes | pec.rho.surface-impedance. | solid. | n/a | FIT_TD
6 | 10 | EFR32(PCB1)/Nets/DVDD:VIA_TOP_LAYER_BOTTOM_LAYER | EFR32(PCB1)/VIAS_MATERIAL | n/a | yes | pec.rho.surface-impedance. | solid. | n/a | FIT_TD
6 | 202 | EFR32(PCB1)/Nets/DVDD:VIA_TOP_LAYER_BOTTOM_LAYER (Lump 2) | EFR32(PCB1)/VIAS_MATERIAL | n/a | yes | pec.rho.surface-impedance. | solid. | n/a | FIT_TD
6 | 203 | EFR32(PCB1)/Nets/DVDD:VIA_TOP_LAYER_BOTTOM_LAYER (Lump 3) | EFR32(PCB1)/VIAS_MATERIAL | n/a | yes | pec.rho.surface-impedance. | solid. | n/a | FIT_TD
6 | 204 | EFR32(PCB1)/Nets/DVDD:VIA_TOP_LAYER_BOTTOM_LAYER (Lump 4) | EFR32(PCB1)/VIAS_MATERIAL | n/a | yes | pec.rho.surface-impedance. | solid. | n/a | FIT_TD
6 | 205 | EFR32(PCB1)/Nets/DVDD:VIA_TOP_LAYER_BOTTOM_LAYER (Lump 5) | EFR32(PCB1)/VIAS_MATERIAL | n/a | yes | pec.rho.surface-impedance. | solid. | n/a | FIT_TD
6 | 11 | EFR32(PCB1)/Nets/GND_1:02_TOP_LAYER | EFR32(PCB1)/Copper | n/a | yes | pec.rho.surface-impedance. | solid. | n/a | FIT_TD
6 | 206 | EFR32(PCB1)/Nets/GND_1:02_TOP_LAYER (Lump 2) | EFR32(PCB1)/Copper | n/a | yes | pec.rho.surface-impedance. | solid. | n/a | FIT_TD
6 | 207 | EFR32(PCB1)/Nets/GND_1:02_TOP_LAYER (Lump 3) | EFR32(PCB1)/Copper | n/a | yes | pec.rho.surface-impedance. | solid. | n/a | FIT_TD
6 | 12 | EFR32(PCB1)/Nets/GND_1:04_BOTTOM_LAYER | EFR32(PCB1)/Copper | n/a | yes | pec.rho.surface-impedance. | solid. | n/a | FIT_TD
6 | 13 | EFR32(PCB1)/Nets/GND_1:VIA_TOP_LAYER_BOTTOM_LAYER | EFR32(PCB1)/VIAS_MATERIAL | n/a | yes | pec.rho.surface-impedance. | solid. | n/a | FIT_TD
6 | 208 | EFR32(PCB1)/Nets/GND_1:VIA_TOP_LAYER_BOTTOM_LAYER (Lump 2) | EFR32(PCB1)/VIAS_MATERIAL | n/a | yes | pec.rho.surface-impedance. | solid. | n/a | FIT_TD
6 | 209 | EFR32(PCB1)/Nets/GND_1:VIA_TOP_LAYER_BOTTOM_LAYER (Lump 3) | EFR32(PCB1)/VIAS_MATERIAL | n/a | yes | pec.rho.surface-impedance. | solid. | n/a | FIT_TD
6 | 210 | EFR32(PCB1)/Nets/GND_1:VIA_TOP_LAYER_BOTTOM_LAYER (Lump 4) | EFR32(PCB1)/VIAS_MATERIAL | n/a | yes | pec.rho.surface-impedance. | solid. | n/a | FIT_TD
6 | 211 | EFR32(PCB1)/Nets/GND_1:VIA_TOP_LAYER_BOTTOM_LAYER (Lump 5) | EFR32(PCB1)/VIAS_MATERIAL | n/a | yes | pec.rho.surface-impedance. | solid. | n/a | FIT_TD
6 | 212 | EFR32(PCB1)/Nets/GND_1:VIA_TOP_LAYER_BOTTOM_LAYER (Lump 6) | EFR32(PCB1)/VIAS_MATERIAL | n/a | yes | pec.rho.surface-impedance. | solid. | n/a | FIT_TD
6 | 213 | EFR32(PCB1)/Nets/GND_1:VIA_TOP_LAYER_BOTTOM_LAYER (Lump 7) | EFR32(PCB1)/VIAS_MATERIAL | n/a | yes | pec.rho.surface-impedance. | solid. | n/a | FIT_TD
6 | 214 | EFR32(PCB1)/Nets/GND_1:VIA_TOP_LAYER_BOTTOM_LAYER (Lump 8) | EFR32(PCB1)/VIAS_MATERIAL | n/a | yes | pec.rho.surface-impedance. | solid. | n/a | FIT_TD
6 | 215 | EFR32(PCB1)/Nets/GND_1:VIA_TOP_LAYER_BOTTOM_LAYER (Lump 9) | EFR32(PCB1)/VIAS_MATERIAL | n/a | yes | pec.rho.surface-impedance. | solid. | n/a | FIT_TD
6 | 216 | EFR32(PCB1)/Nets/GND_1:VIA_TOP_LAYER_BOTTOM_LAYER (Lump 10) | EFR32(PCB1)/VIAS_MATERIAL | n/a | yes | pec.rho.surface-impedance. | solid. | n/a | FIT_TD
6 | 217 | EFR32(PCB1)/Nets/GND_1:VIA_TOP_LAYER_BOTTOM_LAYER (Lump 11) | EFR32(PCB1)/VIAS_MATERIAL | n/a | yes | pec.rho.surface-impedance. | solid. | n/a | FIT_TD
6 | 218 | EFR32(PCB1)/Nets/GND_1:VIA_TOP_LAYER_BOTTOM_LAYER (Lump 12) | EFR32(PCB1)/VIAS_MATERIAL | n/a | yes | pec.rho.surface-impedance. | solid. | n/a | FIT_TD
6 | 219 | EFR32(PCB1)/Nets/GND_1:VIA_TOP_LAYER_BOTTOM_LAYER (Lump 13) | EFR32(PCB1)/VIAS_MATERIAL | n/a | yes | pec.rho.surface-impedance. | solid. | n/a | FIT_TD
6 | 220 | EFR32(PCB1)/Nets/GND_1:VIA_TOP_LAYER_BOTTOM_LAYER (Lump 14) | EFR32(PCB1)/VIAS_MATERIAL | n/a | yes | pec.rho.surface-impedance. | solid. | n/a | FIT_TD
6 | 221 | EFR32(PCB1)/Nets/GND_1:VIA_TOP_LAYER_BOTTOM_LAYER (Lump 15) | EFR32(PCB1)/VIAS_MATERIAL | n/a | yes | pec.rho.surface-impedance. | solid. | n/a | FIT_TD
6 | 222 | EFR32(PCB1)/Nets/GND_1:VIA_TOP_LAYER_BOTTOM_LAYER (Lump 16) | EFR32(PCB1)/VIAS_MATERIAL | n/a | yes | pec.rho.surface-impedance. | solid. | n/a | FIT_TD
6 | 223 | EFR32(PCB1)/Nets/GND_1:VIA_TOP_LAYER_BOTTOM_LAYER (Lump 17) | EFR32(PCB1)/VIAS_MATERIAL | n/a | yes | pec.rho.surface-impedance. | solid. | n/a | FIT_TD
6 | 224 | EFR32(PCB1)/Nets/GND_1:VIA_TOP_LAYER_BOTTOM_LAYER (Lump 18) | EFR32(PCB1)/VIAS_MATERIAL | n/a | yes | pec.rho.surface-impedance. | solid. | n/a | FIT_TD
6 | 225 | EFR32(PCB1)/Nets/GND_1:VIA_TOP_LAYER_BOTTOM_LAYER (Lump 19) | EFR32(PCB1)/VIAS_MATERIAL | n/a | yes | pec.rho.surface-impedance. | solid. | n/a | FIT_TD
6 | 226 | EFR32(PCB1)/Nets/GND_1:VIA_TOP_LAYER_BOTTOM_LAYER (Lump 20) | EFR32(PCB1)/VIAS_MATERIAL | n/a | yes | pec.rho.surface-impedance. | solid. | n/a | FIT_TD
6 | 227 | EFR32(PCB1)/Nets/GND_1:VIA_TOP_LAYER_BOTTOM_LAYER (Lump 21) | EFR32(PCB1)/VIAS_MATERIAL | n/a | yes | pec.rho.surface-impedance. | solid. | n/a | FIT_TD
6 | 228 | EFR32(PCB1)/Nets/GND_1:VIA_TOP_LAYER_BOTTOM_LAYER (Lump 22) | EFR32(PCB1)/VIAS_MATERIAL | n/a | yes | pec.rho.surface-impedance. | solid. | n/a | FIT_TD
6 | 229 | EFR32(PCB1)/Nets/GND_1:VIA_TOP_LAYER_BOTTOM_LAYER (Lump 23) | EFR32(PCB1)/VIAS_MATERIAL | n/a | yes | pec.rho.surface-impedance. | solid. | n/a | FIT_TD
6 | 230 | EFR32(PCB1)/Nets/GND_1:VIA_TOP_LAYER_BOTTOM_LAYER (Lump 24) | EFR32(PCB1)/VIAS_MATERIAL | n/a | yes | pec.rho.surface-impedance. | solid. | n/a | FIT_TD
6 | 231 | EFR32(PCB1)/Nets/GND_1:VIA_TOP_LAYER_BOTTOM_LAYER (Lump 25) | EFR32(PCB1)/VIAS_MATERIAL | n/a | yes | pec.rho.surface-impedance. | solid. | n/a | FIT_TD
6 | 232 | EFR32(PCB1)/Nets/GND_1:VIA_TOP_LAYER_BOTTOM_LAYER (Lump 26) | EFR32(PCB1)/VIAS_MATERIAL | n/a | yes | pec.rho.surface-impedance. | solid. | n/a | FIT_TD
6 | 233 | EFR32(PCB1)/Nets/GND_1:VIA_TOP_LAYER_BOTTOM_LAYER (Lump 27) | EFR32(PCB1)/VIAS_MATERIAL | n/a | yes | pec.rho.surface-impedance. | solid. | n/a | FIT_TD
6 | 234 | EFR32(PCB1)/Nets/GND_1:VIA_TOP_LAYER_BOTTOM_LAYER (Lump 28) | EFR32(PCB1)/VIAS_MATERIAL | n/a | yes | pec.rho.surface-impedance. | solid. | n/a | FIT_TD
6 | 235 | EFR32(PCB1)/Nets/GND_1:VIA_TOP_LAYER_BOTTOM_LAYER (Lump 29) | EFR32(PCB1)/VIAS_MATERIAL | n/a | yes | pec.rho.surface-impedance. | solid. | n/a | FIT_TD
6 | 236 | EFR32(PCB1)/Nets/GND_1:VIA_TOP_LAYER_BOTTOM_LAYER (Lump 30) | EFR32(PCB1)/VIAS_MATERIAL | n/a | yes | pec.rho.surface-impedance. | solid. | n/a | FIT_TD
6 | 237 | EFR32(PCB1)/Nets/GND_1:VIA_TOP_LAYER_BOTTOM_LAYER (Lump 31) | EFR32(PCB1)/VIAS_MATERIAL | n/a | yes | pec.rho.surface-impedance. | solid. | n/a | FIT_TD
6 | 238 | EFR32(PCB1)/Nets/GND_1:VIA_TOP_LAYER_BOTTOM_LAYER (Lump 32) | EFR32(PCB1)/VIAS_MATERIAL | n/a | yes | pec.rho.surface-impedance. | solid. | n/a | FIT_TD
6 | 239 | EFR32(PCB1)/Nets/GND_1:VIA_TOP_LAYER_BOTTOM_LAYER (Lump 33) | EFR32(PCB1)/VIAS_MATERIAL | n/a | yes | pec.rho.surface-impedance. | solid. | n/a | FIT_TD
6 | 240 | EFR32(PCB1)/Nets/GND_1:VIA_TOP_LAYER_BOTTOM_LAYER (Lump 34) | EFR32(PCB1)/VIAS_MATERIAL | n/a | yes | pec.rho.surface-impedance. | solid. | n/a | FIT_TD
6 | 241 | EFR32(PCB1)/Nets/GND_1:VIA_TOP_LAYER_BOTTOM_LAYER (Lump 35) | EFR32(PCB1)/VIAS_MATERIAL | n/a | yes | pec.rho.surface-impedance. | solid. | n/a | FIT_TD
6 | 242 | EFR32(PCB1)/Nets/GND_1:VIA_TOP_LAYER_BOTTOM_LAYER (Lump 36) | EFR32(PCB1)/VIAS_MATERIAL | n/a | yes | pec.rho.surface-impedance. | solid. | n/a | FIT_TD
6 | 243 | EFR32(PCB1)/Nets/GND_1:VIA_TOP_LAYER_BOTTOM_LAYER (Lump 37) | EFR32(PCB1)/VIAS_MATERIAL | n/a | yes | pec.rho.surface-impedance. | solid. | n/a | FIT_TD
6 | 244 | EFR32(PCB1)/Nets/GND_1:VIA_TOP_LAYER_BOTTOM_LAYER (Lump 38) | EFR32(PCB1)/VIAS_MATERIAL | n/a | yes | pec.rho.surface-impedance. | solid. | n/a | FIT_TD
6 | 245 | EFR32(PCB1)/Nets/GND_1:VIA_TOP_LAYER_BOTTOM_LAYER (Lump 39) | EFR32(PCB1)/VIAS_MATERIAL | n/a | yes | pec.rho.surface-impedance. | solid. | n/a | FIT_TD
6 | 246 | EFR32(PCB1)/Nets/GND_1:VIA_TOP_LAYER_BOTTOM_LAYER (Lump 40) | EFR32(PCB1)/VIAS_MATERIAL | n/a | yes | pec.rho.surface-impedance. | solid. | n/a | FIT_TD
6 | 247 | EFR32(PCB1)/Nets/GND_1:VIA_TOP_LAYER_BOTTOM_LAYER (Lump 41) | EFR32(PCB1)/VIAS_MATERIAL | n/a | yes | pec.rho.surface-impedance. | solid. | n/a | FIT_TD
6 | 248 | EFR32(PCB1)/Nets/GND_1:VIA_TOP_LAYER_BOTTOM_LAYER (Lump 42) | EFR32(PCB1)/VIAS_MATERIAL | n/a | yes | pec.rho.surface-impedance. | solid. | n/a | FIT_TD
6 | 249 | EFR32(PCB1)/Nets/GND_1:VIA_TOP_LAYER_BOTTOM_LAYER (Lump 43) | EFR32(PCB1)/VIAS_MATERIAL | n/a | yes | pec.rho.surface-impedance. | solid. | n/a | FIT_TD
6 | 250 | EFR32(PCB1)/Nets/GND_1:VIA_TOP_LAYER_BOTTOM_LAYER (Lump 44) | EFR32(PCB1)/VIAS_MATERIAL | n/a | yes | pec.rho.surface-impedance. | solid. | n/a | FIT_TD
6 | 251 | EFR32(PCB1)/Nets/GND_1:VIA_TOP_LAYER_BOTTOM_LAYER (Lump 45) | EFR32(PCB1)/VIAS_MATERIAL | n/a | yes | pec.rho.surface-impedance. | solid. | n/a | FIT_TD
6 | 252 | EFR32(PCB1)/Nets/GND_1:VIA_TOP_LAYER_BOTTOM_LAYER (Lump 46) | EFR32(PCB1)/VIAS_MATERIAL | n/a | yes | pec.rho.surface-impedance. | solid. | n/a | FIT_TD
6 | 253 | EFR32(PCB1)/Nets/GND_1:VIA_TOP_LAYER_BOTTOM_LAYER (Lump 47) | EFR32(PCB1)/VIAS_MATERIAL | n/a | yes | pec.rho.surface-impedance. | solid. | n/a | FIT_TD
6 | 254 | EFR32(PCB1)/Nets/GND_1:VIA_TOP_LAYER_BOTTOM_LAYER (Lump 48) | EFR32(PCB1)/VIAS_MATERIAL | n/a | yes | pec.rho.surface-impedance. | solid. | n/a | FIT_TD
6 | 255 | EFR32(PCB1)/Nets/GND_1:VIA_TOP_LAYER_BOTTOM_LAYER (Lump 49) | EFR32(PCB1)/VIAS_MATERIAL | n/a | yes | pec.rho.surface-impedance. | solid. | n/a | FIT_TD
6 | 256 | EFR32(PCB1)/Nets/GND_1:VIA_TOP_LAYER_BOTTOM_LAYER (Lump 50) | EFR32(PCB1)/VIAS_MATERIAL | n/a | yes | pec.rho.surface-impedance. | solid. | n/a | FIT_TD
6 | 257 | EFR32(PCB1)/Nets/GND_1:VIA_TOP_LAYER_BOTTOM_LAYER (Lump 51) | EFR32(PCB1)/VIAS_MATERIAL | n/a | yes | pec.rho.surface-impedance. | solid. | n/a | FIT_TD
6 | 258 | EFR32(PCB1)/Nets/GND_1:VIA_TOP_LAYER_BOTTOM_LAYER (Lump 52) | EFR32(PCB1)/VIAS_MATERIAL | n/a | yes | pec.rho.surface-impedance. | solid. | n/a | FIT_TD
6 | 259 | EFR32(PCB1)/Nets/GND_1:VIA_TOP_LAYER_BOTTOM_LAYER (Lump 53) | EFR32(PCB1)/VIAS_MATERIAL | n/a | yes | pec.rho.surface-impedance. | solid. | n/a | FIT_TD
6 | 260 | EFR32(PCB1)/Nets/GND_1:VIA_TOP_LAYER_BOTTOM_LAYER (Lump 54) | EFR32(PCB1)/VIAS_MATERIAL | n/a | yes | pec.rho.surface-impedance. | solid. | n/a | FIT_TD
6 | 261 | EFR32(PCB1)/Nets/GND_1:VIA_TOP_LAYER_BOTTOM_LAYER (Lump 55) | EFR32(PCB1)/VIAS_MATERIAL | n/a | yes | pec.rho.surface-impedance. | solid. | n/a | FIT_TD
6 | 262 | EFR32(PCB1)/Nets/GND_1:VIA_TOP_LAYER_BOTTOM_LAYER (Lump 56) | EFR32(PCB1)/VIAS_MATERIAL | n/a | yes | pec.rho.surface-impedance. | solid. | n/a | FIT_TD
6 | 263 | EFR32(PCB1)/Nets/GND_1:VIA_TOP_LAYER_BOTTOM_LAYER (Lump 57) | EFR32(PCB1)/VIAS_MATERIAL | n/a | yes | pec.rho.surface-impedance. | solid. | n/a | FIT_TD
6 | 264 | EFR32(PCB1)/Nets/GND_1:VIA_TOP_LAYER_BOTTOM_LAYER (Lump 58) | EFR32(PCB1)/VIAS_MATERIAL | n/a | yes | pec.rho.surface-impedance. | solid. | n/a | FIT_TD
6 | 14 | EFR32(PCB1)/Nets/GND_NO_PINS:02_TOP_LAYER | EFR32(PCB1)/Copper | n/a | yes | pec.rho.surface-impedance. | solid. | n/a | FIT_TD
6 | 265 | EFR32(PCB1)/Nets/GND_NO_PINS:02_TOP_LAYER (Lump 2) | EFR32(PCB1)/Copper | n/a | yes | pec.rho.surface-impedance. | solid. | n/a | FIT_TD
6 | 15 | EFR32(PCB1)/Nets/HF_0:02_TOP_LAYER | EFR32(PCB1)/Copper | n/a | yes | pec.rho.surface-impedance. | solid. | n/a | FIT_TD
6 | 16 | EFR32(PCB1)/Nets/HF_I:02_TOP_LAYER | EFR32(PCB1)/Copper | n/a | yes | pec.rho.surface-impedance. | solid. | n/a | FIT_TD
6 | 17 | EFR32(PCB1)/Nets/LED_B:02_TOP_LAYER | EFR32(PCB1)/Copper | n/a | yes | pec.rho.surface-impedance. | solid. | n/a | FIT_TD
6 | 266 | EFR32(PCB1)/Nets/LED_B:02_TOP_LAYER (Lump 2) | EFR32(PCB1)/Copper | n/a | yes | pec.rho.surface-impedance. | solid. | n/a | FIT_TD
6 | 18 | EFR32(PCB1)/Nets/LED_B:04_BOTTOM_LAYER | EFR32(PCB1)/Copper | n/a | yes | pec.rho.surface-impedance. | solid. | n/a | FIT_TD
6 | 19 | EFR32(PCB1)/Nets/LED_B:VIA_TOP_LAYER_BOTTOM_LAYER | EFR32(PCB1)/VIAS_MATERIAL | n/a | yes | pec.rho.surface-impedance. | solid. | n/a | FIT_TD
6 | 267 | EFR32(PCB1)/Nets/LED_B:VIA_TOP_LAYER_BOTTOM_LAYER (Lump 2) | EFR32(PCB1)/VIAS_MATERIAL | n/a | yes | pec.rho.surface-impedance. | solid. | n/a | FIT_TD
6 | 20 | EFR32(PCB1)/Nets/LED_G:02_TOP_LAYER | EFR32(PCB1)/Copper | n/a | yes | pec.rho.surface-impedance. | solid. | n/a | FIT_TD
6 | 268 | EFR32(PCB1)/Nets/LED_G:02_TOP_LAYER (Lump 2) | EFR32(PCB1)/Copper | n/a | yes | pec.rho.surface-impedance. | solid. | n/a | FIT_TD
6 | 21 | EFR32(PCB1)/Nets/LED_G:04_BOTTOM_LAYER | EFR32(PCB1)/Copper | n/a | yes | pec.rho.surface-impedance. | solid. | n/a | FIT_TD
6 | 22 | EFR32(PCB1)/Nets/LED_G:VIA_TOP_LAYER_BOTTOM_LAYER | EFR32(PCB1)/VIAS_MATERIAL | n/a | yes | pec.rho.surface-impedance. | solid. | n/a | FIT_TD
6 | 269 | EFR32(PCB1)/Nets/LED_G:VIA_TOP_LAYER_BOTTOM_LAYER (Lump 2) | EFR32(PCB1)/VIAS_MATERIAL | n/a | yes | pec.rho.surface-impedance. | solid. | n/a | FIT_TD
6 | 23 | EFR32(PCB1)/Nets/LED_R:02_TOP_LAYER | EFR32(PCB1)/Copper | n/a | yes | pec.rho.surface-impedance. | solid. | n/a | FIT_TD
6 | 270 | EFR32(PCB1)/Nets/LED_R:02_TOP_LAYER (Lump 2) | EFR32(PCB1)/Copper | n/a | yes | pec.rho.surface-impedance. | solid. | n/a | FIT_TD
6 | 24 | EFR32(PCB1)/Nets/LED_R:04_BOTTOM_LAYER | EFR32(PCB1)/Copper | n/a | yes | pec.rho.surface-impedance. | solid. | n/a | FIT_TD
6 | 25 | EFR32(PCB1)/Nets/LED_R:VIA_TOP_LAYER_BOTTOM_LAYER | EFR32(PCB1)/VIAS_MATERIAL | n/a | yes | pec.rho.surface-impedance. | solid. | n/a | FIT_TD
6 | 271 | EFR32(PCB1)/Nets/LED_R:VIA_TOP_LAYER_BOTTOM_LAYER (Lump 2) | EFR32(PCB1)/VIAS_MATERIAL | n/a | yes | pec.rho.surface-impedance. | solid. | n/a | FIT_TD
6 | 26 | EFR32(PCB1)/Nets/NETC10_2:02_TOP_LAYER | EFR32(PCB1)/Copper | n/a | yes | pec.rho.surface-impedance. | solid. | n/a | FIT_TD
6 | 272 | EFR32(PCB1)/Nets/NETC10_2:02_TOP_LAYER (Lump 2) | EFR32(PCB1)/Copper | n/a | yes | pec.rho.surface-impedance. | solid. | n/a | FIT_TD
6 | 27 | EFR32(PCB1)/Nets/NETC10_2:04_BOTTOM_LAYER | EFR32(PCB1)/Copper | n/a | yes | pec.rho.surface-impedance. | solid. | n/a | FIT_TD
6 | 28 | EFR32(PCB1)/Nets/NETC10_2:VIA_TOP_LAYER_BOTTOM_LAYER | EFR32(PCB1)/VIAS_MATERIAL | n/a | yes | pec.rho.surface-impedance. | solid. | n/a | FIT_TD
6 | 273 | EFR32(PCB1)/Nets/NETC10_2:VIA_TOP_LAYER_BOTTOM_LAYER (Lump 2) | EFR32(PCB1)/VIAS_MATERIAL | n/a | yes | pec.rho.surface-impedance. | solid. | n/a | FIT_TD
6 | 29 | EFR32(PCB1)/Nets/NETC15_2:02_TOP_LAYER | EFR32(PCB1)/Copper | n/a | yes | pec.rho.surface-impedance. | solid. | n/a | FIT_TD
6 | 30 | EFR32(PCB1)/Nets/NETC18_1:02_TOP_LAYER | EFR32(PCB1)/Copper | n/a | yes | pec.rho.surface-impedance. | solid. | n/a | FIT_TD
6 | 31 | EFR32(PCB1)/Nets/NETC19_2:02_TOP_LAYER | EFR32(PCB1)/Copper | n/a | yes | pec.rho.surface-impedance. | solid. | n/a | FIT_TD
6 | 32 | EFR32(PCB1)/Nets/NETC20_2:02_TOP_LAYER | EFR32(PCB1)/Copper | n/a | yes | pec.rho.surface-impedance. | solid. | n/a | FIT_TD
6 | 33 | EFR32(PCB1)/Nets/NETC7_1:02_TOP_LAYER | EFR32(PCB1)/Copper | n/a | yes | pec.rho.surface-impedance. | solid. | n/a | FIT_TD
6 | 34 | EFR32(PCB1)/Nets/NETD_C:02_TOP_LAYER | EFR32(PCB1)/Copper | n/a | yes | pec.rho.surface-impedance. | solid. | n/a | FIT_TD
6 | 35 | EFR32(PCB1)/Nets/NETD_C:04_BOTTOM_LAYER | EFR32(PCB1)/Copper | n/a | yes | pec.rho.surface-impedance. | solid. | n/a | FIT_TD
6 | 36 | EFR32(PCB1)/Nets/NETD_C:VIA_TOP_LAYER_BOTTOM_LAYER | EFR32(PCB1)/VIAS_MATERIAL | n/a | yes | pec.rho.surface-impedance. | solid. | n/a | FIT_TD
6 | 37 | EFR32(PCB1)/Nets/NETJ2_01:02_TOP_LAYER | EFR32(PCB1)/Copper | n/a | yes | pec.rho.surface-impedance. | solid. | n/a | FIT_TD
6 | 38 | EFR32(PCB1)/Nets/NETJ2_01:04_BOTTOM_LAYER | EFR32(PCB1)/Copper | n/a | yes | pec.rho.surface-impedance. | solid. | n/a | FIT_TD
6 | 39 | EFR32(PCB1)/Nets/NETJ2_01:VIA_TOP_LAYER_BOTTOM_LAYER | EFR32(PCB1)/VIAS_MATERIAL | n/a | yes | pec.rho.surface-impedance. | solid. | n/a | FIT_TD
6 | 40 | EFR32(PCB1)/Nets/NETJ2_02:02_TOP_LAYER | EFR32(PCB1)/Copper | n/a | yes | pec.rho.surface-impedance. | solid. | n/a | FIT_TD
6 | 41 | EFR32(PCB1)/Nets/NETJ2_02:04_BOTTOM_LAYER | EFR32(PCB1)/Copper | n/a | yes | pec.rho.surface-impedance. | solid. | n/a | FIT_TD
6 | 42 | EFR32(PCB1)/Nets/NETJ2_02:VIA_TOP_LAYER_BOTTOM_LAYER | EFR32(PCB1)/VIAS_MATERIAL | n/a | yes | pec.rho.surface-impedance. | solid. | n/a | FIT_TD
6 | 43 | EFR32(PCB1)/Nets/NETJ2_03:02_TOP_LAYER | EFR32(PCB1)/Copper | n/a | yes | pec.rho.surface-impedance. | solid. | n/a | FIT_TD
6 | 44 | EFR32(PCB1)/Nets/NETJ2_03:04_BOTTOM_LAYER | EFR32(PCB1)/Copper | n/a | yes | pec.rho.surface-impedance. | solid. | n/a | FIT_TD
6 | 45 | EFR32(PCB1)/Nets/NETJ2_03:VIA_TOP_LAYER_BOTTOM_LAYER | EFR32(PCB1)/VIAS_MATERIAL | n/a | yes | pec.rho.surface-impedance. | solid. | n/a | FIT_TD
6 | 46 | EFR32(PCB1)/Nets/NETJ2_04:02_TOP_LAYER | EFR32(PCB1)/Copper | n/a | yes | pec.rho.surface-impedance. | solid. | n/a | FIT_TD
6 | 47 | EFR32(PCB1)/Nets/NETJ2_04:04_BOTTOM_LAYER | EFR32(PCB1)/Copper | n/a | yes | pec.rho.surface-impedance. | solid. | n/a | FIT_TD
6 | 48 | EFR32(PCB1)/Nets/NETJ2_04:VIA_TOP_LAYER_BOTTOM_LAYER | EFR32(PCB1)/VIAS_MATERIAL | n/a | yes | pec.rho.surface-impedance. | solid. | n/a | FIT_TD
6 | 49 | EFR32(PCB1)/Nets/NETJ2_05:02_TOP_LAYER | EFR32(PCB1)/Copper | n/a | yes | pec.rho.surface-impedance. | solid. | n/a | FIT_TD
6 | 50 | EFR32(PCB1)/Nets/NETJ2_05:04_BOTTOM_LAYER | EFR32(PCB1)/Copper | n/a | yes | pec.rho.surface-impedance. | solid. | n/a | FIT_TD
6 | 51 | EFR32(PCB1)/Nets/NETJ2_05:VIA_TOP_LAYER_BOTTOM_LAYER | EFR32(PCB1)/VIAS_MATERIAL | n/a | yes | pec.rho.surface-impedance. | solid. | n/a | FIT_TD
6 | 52 | EFR32(PCB1)/Nets/NETJ2_06:02_TOP_LAYER | EFR32(PCB1)/Copper | n/a | yes | pec.rho.surface-impedance. | solid. | n/a | FIT_TD
6 | 53 | EFR32(PCB1)/Nets/NETJ2_06:04_BOTTOM_LAYER | EFR32(PCB1)/Copper | n/a | yes | pec.rho.surface-impedance. | solid. | n/a | FIT_TD
6 | 54 | EFR32(PCB1)/Nets/NETJ2_06:VIA_TOP_LAYER_BOTTOM_LAYER | EFR32(PCB1)/VIAS_MATERIAL | n/a | yes | pec.rho.surface-impedance. | solid. | n/a | FIT_TD
6 | 55 | EFR32(PCB1)/Nets/NETJ3_01:02_TOP_LAYER | EFR32(PCB1)/Copper | n/a | yes | pec.rho.surface-impedance. | solid. | n/a | FIT_TD
6 | 56 | EFR32(PCB1)/Nets/NETJ3_01:04_BOTTOM_LAYER | EFR32(PCB1)/Copper | n/a | yes | pec.rho.surface-impedance. | solid. | n/a | FIT_TD
6 | 57 | EFR32(PCB1)/Nets/NETJ3_01:VIA_TOP_LAYER_BOTTOM_LAYER | EFR32(PCB1)/VIAS_MATERIAL | n/a | yes | pec.rho.surface-impedance. | solid. | n/a | FIT_TD
6 | 58 | EFR32(PCB1)/Nets/NETJ3_05:02_TOP_LAYER | EFR32(PCB1)/Copper | n/a | yes | pec.rho.surface-impedance. | solid. | n/a | FIT_TD
6 | 59 | EFR32(PCB1)/Nets/NETJ3_05:04_BOTTOM_LAYER | EFR32(PCB1)/Copper | n/a | yes | pec.rho.surface-impedance. | solid. | n/a | FIT_TD
6 | 60 | EFR32(PCB1)/Nets/NETJ3_05:VIA_TOP_LAYER_BOTTOM_LAYER | EFR32(PCB1)/VIAS_MATERIAL | n/a | yes | pec.rho.surface-impedance. | solid. | n/a | FIT_TD
6 | 61 | EFR32(PCB1)/Nets/NETJ3_06:02_TOP_LAYER | EFR32(PCB1)/Copper | n/a | yes | pec.rho.surface-impedance. | solid. | n/a | FIT_TD
6 | 62 | EFR32(PCB1)/Nets/NETJ3_06:04_BOTTOM_LAYER | EFR32(PCB1)/Copper | n/a | yes | pec.rho.surface-impedance. | solid. | n/a | FIT_TD
6 | 63 | EFR32(PCB1)/Nets/NETJ3_06:VIA_TOP_LAYER_BOTTOM_LAYER | EFR32(PCB1)/VIAS_MATERIAL | n/a | yes | pec.rho.surface-impedance. | solid. | n/a | FIT_TD
6 | 64 | EFR32(PCB1)/Nets/NETJ4_02:02_TOP_LAYER | EFR32(PCB1)/Copper | n/a | yes | pec.rho.surface-impedance. | solid. | n/a | FIT_TD
6 | 65 | EFR32(PCB1)/Nets/NETJ4_02:04_BOTTOM_LAYER | EFR32(PCB1)/Copper | n/a | yes | pec.rho.surface-impedance. | solid. | n/a | FIT_TD
6 | 66 | EFR32(PCB1)/Nets/NETJ4_02:VIA_TOP_LAYER_BOTTOM_LAYER | EFR32(PCB1)/VIAS_MATERIAL | n/a | yes | pec.rho.surface-impedance. | solid. | n/a | FIT_TD
6 | 67 | EFR32(PCB1)/Nets/NETJ4_03:02_TOP_LAYER | EFR32(PCB1)/Copper | n/a | yes | pec.rho.surface-impedance. | solid. | n/a | FIT_TD
6 | 68 | EFR32(PCB1)/Nets/NETJ4_03:04_BOTTOM_LAYER | EFR32(PCB1)/Copper | n/a | yes | pec.rho.surface-impedance. | solid. | n/a | FIT_TD
6 | 69 | EFR32(PCB1)/Nets/NETJ4_03:VIA_TOP_LAYER_BOTTOM_LAYER | EFR32(PCB1)/VIAS_MATERIAL | n/a | yes | pec.rho.surface-impedance. | solid. | n/a | FIT_TD
6 | 70 | EFR32(PCB1)/Nets/NETJ4_04:02_TOP_LAYER | EFR32(PCB1)/Copper | n/a | yes | pec.rho.surface-impedance. | solid. | n/a | FIT_TD
6 | 71 | EFR32(PCB1)/Nets/NETJ4_04:04_BOTTOM_LAYER | EFR32(PCB1)/Copper | n/a | yes | pec.rho.surface-impedance. | solid. | n/a | FIT_TD
6 | 72 | EFR32(PCB1)/Nets/NETJ4_04:VIA_TOP_LAYER_BOTTOM_LAYER | EFR32(PCB1)/VIAS_MATERIAL | n/a | yes | pec.rho.surface-impedance. | solid. | n/a | FIT_TD
6 | 73 | EFR32(PCB1)/Nets/NETJ4_05:02_TOP_LAYER | EFR32(PCB1)/Copper | n/a | yes | pec.rho.surface-impedance. | solid. | n/a | FIT_TD
6 | 74 | EFR32(PCB1)/Nets/NETJ4_05:04_BOTTOM_LAYER | EFR32(PCB1)/Copper | n/a | yes | pec.rho.surface-impedance. | solid. | n/a | FIT_TD
6 | 75 | EFR32(PCB1)/Nets/NETJ4_05:VIA_TOP_LAYER_BOTTOM_LAYER | EFR32(PCB1)/VIAS_MATERIAL | n/a | yes | pec.rho.surface-impedance. | solid. | n/a | FIT_TD
6 | 76 | EFR32(PCB1)/Nets/NETJ4_06:02_TOP_LAYER | EFR32(PCB1)/Copper | n/a | yes | pec.rho.surface-impedance. | solid. | n/a | FIT_TD
6 | 77 | EFR32(PCB1)/Nets/NETJ4_06:04_BOTTOM_LAYER | EFR32(PCB1)/Copper | n/a | yes | pec.rho.surface-impedance. | solid. | n/a | FIT_TD
6 | 78 | EFR32(PCB1)/Nets/NETJ4_06:VIA_TOP_LAYER_BOTTOM_LAYER | EFR32(PCB1)/VIAS_MATERIAL | n/a | yes | pec.rho.surface-impedance. | solid. | n/a | FIT_TD
6 | 79 | EFR32(PCB1)/Nets/NETJ4_07:02_TOP_LAYER | EFR32(PCB1)/Copper | n/a | yes | pec.rho.surface-impedance. | solid. | n/a | FIT_TD
6 | 80 | EFR32(PCB1)/Nets/NETJ4_07:04_BOTTOM_LAYER | EFR32(PCB1)/Copper | n/a | yes | pec.rho.surface-impedance. | solid. | n/a | FIT_TD
6 | 81 | EFR32(PCB1)/Nets/NETJ4_07:VIA_TOP_LAYER_BOTTOM_LAYER | EFR32(PCB1)/VIAS_MATERIAL | n/a | yes | pec.rho.surface-impedance. | solid. | n/a | FIT_TD
6 | 82 | EFR32(PCB1)/Nets/NETJ4_08:02_TOP_LAYER | EFR32(PCB1)/Copper | n/a | yes | pec.rho.surface-impedance. | solid. | n/a | FIT_TD
6 | 83 | EFR32(PCB1)/Nets/NETJ4_08:04_BOTTOM_LAYER | EFR32(PCB1)/Copper | n/a | yes | pec.rho.surface-impedance. | solid. | n/a | FIT_TD
6 | 84 | EFR32(PCB1)/Nets/NETJ4_08:VIA_TOP_LAYER_BOTTOM_LAYER | EFR32(PCB1)/VIAS_MATERIAL | n/a | yes | pec.rho.surface-impedance. | solid. | n/a | FIT_TD
6 | 85 | EFR32(PCB1)/Nets/NETJ5_02:02_TOP_LAYER | EFR32(PCB1)/Copper | n/a | yes | pec.rho.surface-impedance. | solid. | n/a | FIT_TD
6 | 86 | EFR32(PCB1)/Nets/NETJ5_02:04_BOTTOM_LAYER | EFR32(PCB1)/Copper | n/a | yes | pec.rho.surface-impedance. | solid. | n/a | FIT_TD
6 | 87 | EFR32(PCB1)/Nets/NETJ5_02:VIA_TOP_LAYER_BOTTOM_LAYER | EFR32(PCB1)/VIAS_MATERIAL | n/a | yes | pec.rho.surface-impedance. | solid. | n/a | FIT_TD
6 | 88 | EFR32(PCB1)/Nets/NETJ5_03:02_TOP_LAYER | EFR32(PCB1)/Copper | n/a | yes | pec.rho.surface-impedance. | solid. | n/a | FIT_TD
6 | 89 | EFR32(PCB1)/Nets/NETJ5_03:04_BOTTOM_LAYER | EFR32(PCB1)/Copper | n/a | yes | pec.rho.surface-impedance. | solid. | n/a | FIT_TD
6 | 90 | EFR32(PCB1)/Nets/NETJ5_03:VIA_TOP_LAYER_BOTTOM_LAYER | EFR32(PCB1)/VIAS_MATERIAL | n/a | yes | pec.rho.surface-impedance. | solid. | n/a | FIT_TD
6 | 91 | EFR32(PCB1)/Nets/NETJ5_04:02_TOP_LAYER | EFR32(PCB1)/Copper | n/a | yes | pec.rho.surface-impedance. | solid. | n/a | FIT_TD
6 | 92 | EFR32(PCB1)/Nets/NETJ5_04:04_BOTTOM_LAYER | EFR32(PCB1)/Copper | n/a | yes | pec.rho.surface-impedance. | solid. | n/a | FIT_TD
6 | 93 | EFR32(PCB1)/Nets/NETJ5_04:VIA_TOP_LAYER_BOTTOM_LAYER | EFR32(PCB1)/VIAS_MATERIAL | n/a | yes | pec.rho.surface-impedance. | solid. | n/a | FIT_TD
6 | 94 | EFR32(PCB1)/Nets/NETJ5_05:02_TOP_LAYER | EFR32(PCB1)/Copper | n/a | yes | pec.rho.surface-impedance. | solid. | n/a | FIT_TD
6 | 95 | EFR32(PCB1)/Nets/NETJ5_05:04_BOTTOM_LAYER | EFR32(PCB1)/Copper | n/a | yes | pec.rho.surface-impedance. | solid. | n/a | FIT_TD
6 | 96 | EFR32(PCB1)/Nets/NETJ5_05:VIA_TOP_LAYER_BOTTOM_LAYER | EFR32(PCB1)/VIAS_MATERIAL | n/a | yes | pec.rho.surface-impedance. | solid. | n/a | FIT_TD
6 | 97 | EFR32(PCB1)/Nets/NETJ5_06:02_TOP_LAYER | EFR32(PCB1)/Copper | n/a | yes | pec.rho.surface-impedance. | solid. | n/a | FIT_TD
6 | 98 | EFR32(PCB1)/Nets/NETJ5_06:04_BOTTOM_LAYER | EFR32(PCB1)/Copper | n/a | yes | pec.rho.surface-impedance. | solid. | n/a | FIT_TD
6 | 99 | EFR32(PCB1)/Nets/NETJ5_06:VIA_TOP_LAYER_BOTTOM_LAYER | EFR32(PCB1)/VIAS_MATERIAL | n/a | yes | pec.rho.surface-impedance. | solid. | n/a | FIT_TD
6 | 100 | EFR32(PCB1)/Nets/NETJ5_07:02_TOP_LAYER | EFR32(PCB1)/Copper | n/a | yes | pec.rho.surface-impedance. | solid. | n/a | FIT_TD
6 | 101 | EFR32(PCB1)/Nets/NETJ5_07:04_BOTTOM_LAYER | EFR32(PCB1)/Copper | n/a | yes | pec.rho.surface-impedance. | solid. | n/a | FIT_TD
6 | 102 | EFR32(PCB1)/Nets/NETJ5_07:VIA_TOP_LAYER_BOTTOM_LAYER | EFR32(PCB1)/VIAS_MATERIAL | n/a | yes | pec.rho.surface-impedance. | solid. | n/a | FIT_TD
6 | 103 | EFR32(PCB1)/Nets/NETJ5_08:02_TOP_LAYER | EFR32(PCB1)/Copper | n/a | yes | pec.rho.surface-impedance. | solid. | n/a | FIT_TD
6 | 104 | EFR32(PCB1)/Nets/NETJ5_08:04_BOTTOM_LAYER | EFR32(PCB1)/Copper | n/a | yes | pec.rho.surface-impedance. | solid. | n/a | FIT_TD
6 | 105 | EFR32(PCB1)/Nets/NETJ5_08:VIA_TOP_LAYER_BOTTOM_LAYER | EFR32(PCB1)/VIAS_MATERIAL | n/a | yes | pec.rho.surface-impedance. | solid. | n/a | FIT_TD
6 | 106 | EFR32(PCB1)/Nets/NETJ6_1:02_TOP_LAYER | EFR32(PCB1)/Copper | n/a | yes | pec.rho.surface-impedance. | solid. | n/a | FIT_TD
6 | 274 | EFR32(PCB1)/Nets/NETJ6_1:02_TOP_LAYER (Lump 2) | EFR32(PCB1)/Copper | n/a | yes | pec.rho.surface-impedance. | solid. | n/a | FIT_TD
6 | 107 | EFR32(PCB1)/Nets/NETJ6_1:04_BOTTOM_LAYER | EFR32(PCB1)/Copper | n/a | yes | pec.rho.surface-impedance. | solid. | n/a | FIT_TD
6 | 108 | EFR32(PCB1)/Nets/NETJ6_1:VIA_TOP_LAYER_BOTTOM_LAYER | EFR32(PCB1)/VIAS_MATERIAL | n/a | yes | pec.rho.surface-impedance. | solid. | n/a | FIT_TD
6 | 275 | EFR32(PCB1)/Nets/NETJ6_1:VIA_TOP_LAYER_BOTTOM_LAYER (Lump 2) | EFR32(PCB1)/VIAS_MATERIAL | n/a | yes | pec.rho.surface-impedance. | solid. | n/a | FIT_TD
6 | 109 | EFR32(PCB1)/Nets/NETJ6_2:02_TOP_LAYER | EFR32(PCB1)/Copper | n/a | yes | pec.rho.surface-impedance. | solid. | n/a | FIT_TD
6 | 276 | EFR32(PCB1)/Nets/NETJ6_2:02_TOP_LAYER (Lump 2) | EFR32(PCB1)/Copper | n/a | yes | pec.rho.surface-impedance. | solid. | n/a | FIT_TD
6 | 110 | EFR32(PCB1)/Nets/NETJ6_2:04_BOTTOM_LAYER | EFR32(PCB1)/Copper | n/a | yes | pec.rho.surface-impedance. | solid. | n/a | FIT_TD
6 | 111 | EFR32(PCB1)/Nets/NETJ6_2:VIA_TOP_LAYER_BOTTOM_LAYER | EFR32(PCB1)/VIAS_MATERIAL | n/a | yes | pec.rho.surface-impedance. | solid. | n/a | FIT_TD
6 | 277 | EFR32(PCB1)/Nets/NETJ6_2:VIA_TOP_LAYER_BOTTOM_LAYER (Lump 2) | EFR32(PCB1)/VIAS_MATERIAL | n/a | yes | pec.rho.surface-impedance. | solid. | n/a | FIT_TD
6 | 112 | EFR32(PCB1)/Nets/NETJ6_3:02_TOP_LAYER | EFR32(PCB1)/Copper | n/a | yes | pec.rho.surface-impedance. | solid. | n/a | FIT_TD
6 | 278 | EFR32(PCB1)/Nets/NETJ6_3:02_TOP_LAYER (Lump 2) | EFR32(PCB1)/Copper | n/a | yes | pec.rho.surface-impedance. | solid. | n/a | FIT_TD
6 | 113 | EFR32(PCB1)/Nets/NETJ6_3:04_BOTTOM_LAYER | EFR32(PCB1)/Copper | n/a | yes | pec.rho.surface-impedance. | solid. | n/a | FIT_TD
6 | 114 | EFR32(PCB1)/Nets/NETJ6_3:VIA_TOP_LAYER_BOTTOM_LAYER | EFR32(PCB1)/VIAS_MATERIAL | n/a | yes | pec.rho.surface-impedance. | solid. | n/a | FIT_TD
6 | 279 | EFR32(PCB1)/Nets/NETJ6_3:VIA_TOP_LAYER_BOTTOM_LAYER (Lump 2) | EFR32(PCB1)/VIAS_MATERIAL | n/a | yes | pec.rho.surface-impedance. | solid. | n/a | FIT_TD
6 | 115 | EFR32(PCB1)/Nets/NETL2_1:02_TOP_LAYER | EFR32(PCB1)/Copper | n/a | yes | pec.rho.surface-impedance. | solid. | n/a | FIT_TD
6 | 116 | EFR32(PCB1)/Nets/NETLED1_4:02_TOP_LAYER | EFR32(PCB1)/Copper | n/a | yes | pec.rho.surface-impedance. | solid. | n/a | FIT_TD
6 | 117 | EFR32(PCB1)/Nets/NETLED1_5:02_TOP_LAYER | EFR32(PCB1)/Copper | n/a | yes | pec.rho.surface-impedance. | solid. | n/a | FIT_TD
6 | 118 | EFR32(PCB1)/Nets/NETLED1_6:02_TOP_LAYER | EFR32(PCB1)/Copper | n/a | yes | pec.rho.surface-impedance. | solid. | n/a | FIT_TD
6 | 119 | EFR32(PCB1)/Nets/NETR2_2:02_TOP_LAYER | EFR32(PCB1)/Copper | n/a | yes | pec.rho.surface-impedance. | solid. | n/a | FIT_TD
6 | 120 | EFR32(PCB1)/Nets/NETR3_2:02_TOP_LAYER | EFR32(PCB1)/Copper | n/a | yes | pec.rho.surface-impedance. | solid. | n/a | FIT_TD
6 | 121 | EFR32(PCB1)/Nets/NETR4_1:02_TOP_LAYER | EFR32(PCB1)/Copper | n/a | yes | pec.rho.surface-impedance. | solid. | n/a | FIT_TD
6 | 122 | EFR32(PCB1)/Nets/NETU2_47:02_TOP_LAYER | EFR32(PCB1)/Copper | n/a | yes | pec.rho.surface-impedance. | solid. | n/a | FIT_TD
6 | 123 | EFR32(PCB1)/Nets/NETU2_48:02_TOP_LAYER | EFR32(PCB1)/Copper | n/a | yes | pec.rho.surface-impedance. | solid. | n/a | FIT_TD
6 | 124 | EFR32(PCB1)/Nets/NONE:02_TOP_LAYER | EFR32(PCB1)/Copper | n/a | yes | pec.rho.surface-impedance. | solid. | n/a | FIT_TD
6 | 280 | EFR32(PCB1)/Nets/NONE:02_TOP_LAYER (Lump 2) | EFR32(PCB1)/Copper | n/a | yes | pec.rho.surface-impedance. | solid. | n/a | FIT_TD
6 | 125 | EFR32(PCB1)/Nets/NONE:04_BOTTOM_LAYER | EFR32(PCB1)/Copper | n/a | yes | pec.rho.surface-impedance. | solid. | n/a | FIT_TD
6 | 281 | EFR32(PCB1)/Nets/NONE:04_BOTTOM_LAYER (Lump 2) | EFR32(PCB1)/Copper | n/a | yes | pec.rho.surface-impedance. | solid. | n/a | FIT_TD
6 | 126 | EFR32(PCB1)/Nets/PAVDD:02_TOP_LAYER | EFR32(PCB1)/Copper | n/a | yes | pec.rho.surface-impedance. | solid. | n/a | FIT_TD
6 | 127 | EFR32(PCB1)/Nets/RFVDD:02_TOP_LAYER | EFR32(PCB1)/Copper | n/a | yes | pec.rho.surface-impedance. | solid. | n/a | FIT_TD
6 | 128 | EFR32(PCB1)/Nets/SNONES_10:02_TOP_LAYER | EFR32(PCB1)/Copper | n/a | yes | pec.rho.surface-impedance. | solid. | n/a | FIT_TD
6 | 129 | EFR32(PCB1)/Nets/SNONES_11:02_TOP_LAYER | EFR32(PCB1)/Copper | n/a | yes | pec.rho.surface-impedance. | solid. | n/a | FIT_TD
6 | 130 | EFR32(PCB1)/Nets/SNONES_12:02_TOP_LAYER | EFR32(PCB1)/Copper | n/a | yes | pec.rho.surface-impedance. | solid. | n/a | FIT_TD
6 | 131 | EFR32(PCB1)/Nets/SNONES_13:02_TOP_LAYER | EFR32(PCB1)/Copper | n/a | yes | pec.rho.surface-impedance. | solid. | n/a | FIT_TD
6 | 132 | EFR32(PCB1)/Nets/SNONES_13:04_BOTTOM_LAYER | EFR32(PCB1)/Copper | n/a | yes | pec.rho.surface-impedance. | solid. | n/a | FIT_TD
6 | 133 | EFR32(PCB1)/Nets/SNONES_13:VIA_TOP_LAYER_BOTTOM_LAYER | EFR32(PCB1)/VIAS_MATERIAL | n/a | yes | pec.rho.surface-impedance. | solid. | n/a | FIT_TD
6 | 134 | EFR32(PCB1)/Nets/SNONES_14:02_TOP_LAYER | EFR32(PCB1)/Copper | n/a | yes | pec.rho.surface-impedance. | solid. | n/a | FIT_TD
6 | 135 | EFR32(PCB1)/Nets/SNONES_14:04_BOTTOM_LAYER | EFR32(PCB1)/Copper | n/a | yes | pec.rho.surface-impedance. | solid. | n/a | FIT_TD
6 | 136 | EFR32(PCB1)/Nets/SNONES_14:VIA_TOP_LAYER_BOTTOM_LAYER | EFR32(PCB1)/VIAS_MATERIAL | n/a | yes | pec.rho.surface-impedance. | solid. | n/a | FIT_TD
6 | 137 | EFR32(PCB1)/Nets/SNONES_15:02_TOP_LAYER | EFR32(PCB1)/Copper | n/a | yes | pec.rho.surface-impedance. | solid. | n/a | FIT_TD
6 | 138 | EFR32(PCB1)/Nets/SNONES_15:04_BOTTOM_LAYER | EFR32(PCB1)/Copper | n/a | yes | pec.rho.surface-impedance. | solid. | n/a | FIT_TD
6 | 139 | EFR32(PCB1)/Nets/SNONES_15:VIA_TOP_LAYER_BOTTOM_LAYER | EFR32(PCB1)/VIAS_MATERIAL | n/a | yes | pec.rho.surface-impedance. | solid. | n/a | FIT_TD
6 | 140 | EFR32(PCB1)/Nets/SNONES_16:02_TOP_LAYER | EFR32(PCB1)/Copper | n/a | yes | pec.rho.surface-impedance. | solid. | n/a | FIT_TD
6 | 141 | EFR32(PCB1)/Nets/SNONES_16:04_BOTTOM_LAYER | EFR32(PCB1)/Copper | n/a | yes | pec.rho.surface-impedance. | solid. | n/a | FIT_TD
6 | 142 | EFR32(PCB1)/Nets/SNONES_16:VIA_TOP_LAYER_BOTTOM_LAYER | EFR32(PCB1)/VIAS_MATERIAL | n/a | yes | pec.rho.surface-impedance. | solid. | n/a | FIT_TD
6 | 143 | EFR32(PCB1)/Nets/SNONES_1:02_TOP_LAYER | EFR32(PCB1)/Copper | n/a | yes | pec.rho.surface-impedance. | solid. | n/a | FIT_TD
6 | 144 | EFR32(PCB1)/Nets/SNONES_2:02_TOP_LAYER | EFR32(PCB1)/Copper | n/a | yes | pec.rho.surface-impedance. | solid. | n/a | FIT_TD
6 | 145 | EFR32(PCB1)/Nets/SNONES_3:02_TOP_LAYER | EFR32(PCB1)/Copper | n/a | yes | pec.rho.surface-impedance. | solid. | n/a | FIT_TD
6 | 146 | EFR32(PCB1)/Nets/SNONES_4:02_TOP_LAYER | EFR32(PCB1)/Copper | n/a | yes | pec.rho.surface-impedance. | solid. | n/a | FIT_TD
6 | 147 | EFR32(PCB1)/Nets/SNONES_5:02_TOP_LAYER | EFR32(PCB1)/Copper | n/a | yes | pec.rho.surface-impedance. | solid. | n/a | FIT_TD
6 | 148 | EFR32(PCB1)/Nets/SNONES_6:02_TOP_LAYER | EFR32(PCB1)/Copper | n/a | yes | pec.rho.surface-impedance. | solid. | n/a | FIT_TD
6 | 149 | EFR32(PCB1)/Nets/SNONES_7:02_TOP_LAYER | EFR32(PCB1)/Copper | n/a | yes | pec.rho.surface-impedance. | solid. | n/a | FIT_TD
6 | 150 | EFR32(PCB1)/Nets/SNONES_8:02_TOP_LAYER | EFR32(PCB1)/Copper | n/a | yes | pec.rho.surface-impedance. | solid. | n/a | FIT_TD
6 | 151 | EFR32(PCB1)/Nets/SNONES_9:02_TOP_LAYER | EFR32(PCB1)/Copper | n/a | yes | pec.rho.surface-impedance. | solid. | n/a | FIT_TD
6 | 152 | EFR32(PCB1)/Nets/VBUS:02_TOP_LAYER | EFR32(PCB1)/Copper | n/a | yes | pec.rho.surface-impedance. | solid. | n/a | FIT_TD
6 | 153 | EFR32(PCB1)/Nets/VBUS:04_BOTTOM_LAYER | EFR32(PCB1)/Copper | n/a | yes | pec.rho.surface-impedance. | solid. | n/a | FIT_TD
6 | 154 | EFR32(PCB1)/Nets/VBUS:VIA_TOP_LAYER_BOTTOM_LAYER | EFR32(PCB1)/VIAS_MATERIAL | n/a | yes | pec.rho.surface-impedance. | solid. | n/a | FIT_TD
6 | 155 | EFR32(PCB1)/Nets/VBUTTON:02_TOP_LAYER | EFR32(PCB1)/Copper | n/a | yes | pec.rho.surface-impedance. | solid. | n/a | FIT_TD
6 | 282 | EFR32(PCB1)/Nets/VBUTTON:02_TOP_LAYER (Lump 2) | EFR32(PCB1)/Copper | n/a | yes | pec.rho.surface-impedance. | solid. | n/a | FIT_TD
6 | 283 | EFR32(PCB1)/Nets/VBUTTON:02_TOP_LAYER (Lump 3) | EFR32(PCB1)/Copper | n/a | yes | pec.rho.surface-impedance. | solid. | n/a | FIT_TD
6 | 284 | EFR32(PCB1)/Nets/VBUTTON:02_TOP_LAYER (Lump 4) | EFR32(PCB1)/Copper | n/a | yes | pec.rho.surface-impedance. | solid. | n/a | FIT_TD
6 | 285 | EFR32(PCB1)/Nets/VBUTTON:02_TOP_LAYER (Lump 5) | EFR32(PCB1)/Copper | n/a | yes | pec.rho.surface-impedance. | solid. | n/a | FIT_TD
6 | 156 | EFR32(PCB1)/Nets/VBUTTON:04_BOTTOM_LAYER | EFR32(PCB1)/Copper | n/a | yes | pec.rho.surface-impedance. | solid. | n/a | FIT_TD
6 | 286 | EFR32(PCB1)/Nets/VBUTTON:04_BOTTOM_LAYER (Lump 2) | EFR32(PCB1)/Copper | n/a | yes | pec.rho.surface-impedance. | solid. | n/a | FIT_TD
6 | 287 | EFR32(PCB1)/Nets/VBUTTON:04_BOTTOM_LAYER (Lump 3) | EFR32(PCB1)/Copper | n/a | yes | pec.rho.surface-impedance. | solid. | n/a | FIT_TD
6 | 157 | EFR32(PCB1)/Nets/VBUTTON:VIA_TOP_LAYER_BOTTOM_LAYER | EFR32(PCB1)/VIAS_MATERIAL | n/a | yes | pec.rho.surface-impedance. | solid. | n/a | FIT_TD
6 | 288 | EFR32(PCB1)/Nets/VBUTTON:VIA_TOP_LAYER_BOTTOM_LAYER (Lump 2) | EFR32(PCB1)/VIAS_MATERIAL | n/a | yes | pec.rho.surface-impedance. | solid. | n/a | FIT_TD
6 | 289 | EFR32(PCB1)/Nets/VBUTTON:VIA_TOP_LAYER_BOTTOM_LAYER (Lump 3) | EFR32(PCB1)/VIAS_MATERIAL | n/a | yes | pec.rho.surface-impedance. | solid. | n/a | FIT_TD
6 | 290 | EFR32(PCB1)/Nets/VBUTTON:VIA_TOP_LAYER_BOTTOM_LAYER (Lump 4) | EFR32(PCB1)/VIAS_MATERIAL | n/a | yes | pec.rho.surface-impedance. | solid. | n/a | FIT_TD
6 | 291 | EFR32(PCB1)/Nets/VBUTTON:VIA_TOP_LAYER_BOTTOM_LAYER (Lump 5) | EFR32(PCB1)/VIAS_MATERIAL | n/a | yes | pec.rho.surface-impedance. | solid. | n/a | FIT_TD
6 | 292 | EFR32(PCB1)/Nets/VBUTTON:VIA_TOP_LAYER_BOTTOM_LAYER (Lump 6) | EFR32(PCB1)/VIAS_MATERIAL | n/a | yes | pec.rho.surface-impedance. | solid. | n/a | FIT_TD
6 | 293 | EFR32(PCB1)/Nets/VBUTTON:VIA_TOP_LAYER_BOTTOM_LAYER (Lump 7) | EFR32(PCB1)/VIAS_MATERIAL | n/a | yes | pec.rho.surface-impedance. | solid. | n/a | FIT_TD
6 | 162 | EFR32(PCB1):doc1 | EFR32(PCB1)/Copper | n/a | yes | pec.rho.surface-impedance. | solid. | n/a | FIT_TD
6 | 163 | EFR32(PCB1):doc_2 | EFR32(PCB1)/Copper | n/a | yes | pec.rho.surface-impedance. | solid. | n/a | FIT_TD
6 | 164 | EFR32(PCB1):ngang | EFR32(PCB1)/Copper | n/a | yes | pec.rho.surface-impedance. | solid. | n/a | FIT_TD
7 | 165 | discrete_face_port:EFR32(PCB1):C1 | PEC | n/a | yes | pec. | face-center-gap.face-element.face-port.lumped-element.sheet. | n/a | FIT_TD
7 | 166 | discrete_face_port:EFR32(PCB1):C10 | PEC | n/a | yes | pec. | face-center-gap.face-element.face-port.lumped-element.sheet. | n/a | FIT_TD
7 | 167 | discrete_face_port:EFR32(PCB1):C11 | PEC | n/a | yes | pec. | face-center-gap.face-element.face-port.lumped-element.sheet. | n/a | FIT_TD
7 | 168 | discrete_face_port:EFR32(PCB1):C12 | PEC | n/a | yes | pec. | face-center-gap.face-element.face-port.lumped-element.sheet. | n/a | FIT_TD
7 | 169 | discrete_face_port:EFR32(PCB1):C13 | PEC | n/a | yes | pec. | face-center-gap.face-element.face-port.lumped-element.sheet. | n/a | FIT_TD
7 | 170 | discrete_face_port:EFR32(PCB1):C14 | PEC | n/a | yes | pec. | face-center-gap.face-element.face-port.lumped-element.sheet. | n/a | FIT_TD
7 | 171 | discrete_face_port:EFR32(PCB1):C18 | PEC | n/a | yes | pec. | face-center-gap.face-element.face-port.lumped-element.sheet. | n/a | FIT_TD
7 | 172 | discrete_face_port:EFR32(PCB1):C19 | PEC | n/a | yes | pec. | face-center-gap.face-element.face-port.lumped-element.sheet. | n/a | FIT_TD
7 | 173 | discrete_face_port:EFR32(PCB1):C2 | PEC | n/a | yes | pec. | face-center-gap.face-element.face-port.lumped-element.sheet. | n/a | FIT_TD
7 | 174 | discrete_face_port:EFR32(PCB1):C20 | PEC | n/a | yes | pec. | face-center-gap.face-element.face-port.lumped-element.sheet. | n/a | FIT_TD
7 | 175 | discrete_face_port:EFR32(PCB1):C3 | PEC | n/a | yes | pec. | face-center-gap.face-element.face-port.lumped-element.sheet. | n/a | FIT_TD
7 | 176 | discrete_face_port:EFR32(PCB1):C4 | PEC | n/a | yes | pec. | face-center-gap.face-element.face-port.lumped-element.sheet. | n/a | FIT_TD
7 | 177 | discrete_face_port:EFR32(PCB1):C5 | PEC | n/a | yes | pec. | face-center-gap.face-element.face-port.lumped-element.sheet. | n/a | FIT_TD
7 | 178 | discrete_face_port:EFR32(PCB1):C6 | PEC | n/a | yes | pec. | face-center-gap.face-element.face-port.lumped-element.sheet. | n/a | FIT_TD
7 | 179 | discrete_face_port:EFR32(PCB1):C7 | PEC | n/a | yes | pec. | face-center-gap.face-element.face-port.lumped-element.sheet. | n/a | FIT_TD
7 | 180 | discrete_face_port:EFR32(PCB1):C8 | PEC | n/a | yes | pec. | face-center-gap.face-element.face-port.lumped-element.sheet. | n/a | FIT_TD
7 | 181 | discrete_face_port:EFR32(PCB1):C9 | PEC | n/a | yes | pec. | face-center-gap.face-element.face-port.lumped-element.sheet. | n/a | FIT_TD
7 | 182 | discrete_face_port:EFR32(PCB1):L1 | PEC | n/a | yes | pec. | face-center-gap.face-element.face-port.lumped-element.sheet. | n/a | FIT_TD
7 | 183 | discrete_face_port:EFR32(PCB1):L2 | PEC | n/a | yes | pec. | face-center-gap.face-element.face-port.lumped-element.sheet. | n/a | FIT_TD
7 | 184 | discrete_face_port:EFR32(PCB1):L3 | PEC | n/a | yes | pec. | face-center-gap.face-element.face-port.lumped-element.sheet. | n/a | FIT_TD
7 | 185 | discrete_face_port:EFR32(PCB1):R1 | PEC | n/a | yes | pec. | face-center-gap.face-element.face-port.lumped-element.sheet. | n/a | FIT_TD
7 | 186 | discrete_face_port:EFR32(PCB1):R12 | PEC | n/a | yes | pec. | face-center-gap.face-element.face-port.lumped-element.sheet. | n/a | FIT_TD
7 | 187 | discrete_face_port:EFR32(PCB1):R13 | PEC | n/a | yes | pec. | face-center-gap.face-element.face-port.lumped-element.sheet. | n/a | FIT_TD
7 | 188 | discrete_face_port:EFR32(PCB1):R2 | PEC | n/a | yes | pec. | face-center-gap.face-element.face-port.lumped-element.sheet. | n/a | FIT_TD
7 | 189 | discrete_face_port:EFR32(PCB1):R3 | PEC | n/a | yes | pec. | face-center-gap.face-element.face-port.lumped-element.sheet. | n/a | FIT_TD
7 | 190 | discrete_face_port:EFR32(PCB1):R4 | PEC | n/a | yes | pec. | face-center-gap.face-element.face-port.lumped-element.sheet. | n/a | FIT_TD
7 | 191 | discrete_face_port:EFR32(PCB1):R7 | PEC | n/a | yes | pec. | face-center-gap.face-element.face-port.lumped-element.sheet. | n/a | FIT_TD
7 | 192 | discrete_face_port:EFR32(PCB1):R8 | PEC | n/a | yes | pec. | face-center-gap.face-element.face-port.lumped-element.sheet. | n/a | FIT_TD
7 | 193 | discrete_face_port:EFR32(PCB1):R9 | PEC | n/a | yes | pec. | face-center-gap.face-element.face-port.lumped-element.sheet. | n/a | FIT_TD
=========================================
************************************************************************************************
General settings
	PBA version: default
------------------------------------------------------------------------------------------------
Geometry processor: default
	Geo accuracy: 0.000000
	Watertightness check: true
	Self intersection check: false
	Inheritance (all): false
	Normal dominance (all): false
	Normal dominance (ports): false
	Flanges hollow: true
	One shape per flange: false
	Multi threading: true
		max # of threads used: 12
		requested max # of threads: 12
		representation: indexed
		method: multi thread
		retry: no
------------------------------------------------------------------------------------------------
CAD processing settings are set to default
------------------------------------------------------------------------------------------------
Connectivity settings
	Workflow selection: 0
	Workflow version: 20180101
	Gap detection: true
	Gap detection version: 2
	TST version: 2
	QQ workflow: true
	CoCo workflow: true
	Legacy topology: false
	Connectivity check: false
------------------------------------------------------------------------------------------------
------------------------------------------------------------------------------------------------
CAD Processing Version Info
	ACIS version installed:	33.0.1
	ACIS version used:	33.0.1
------------------------------------------------------------------------------------------------
Success method:	fb-multi-thread-22
************************************************************************************************

=======================
Finished CAD processing
=======================

<<<<<<<<<<<<<<<<<<<<<<<<<<<<<<<<<<<<<<<<<<
Sat Sat Apr 26 04:12:44 2025
Resource usage for processing CAD model:
	Runtime                 00:00:03.00526
	Peak Memory Usage:              180 MB
<<<<<<<<<<<<<<<<<<<<<<<<<<<<<<<<<<<<<<<<<<

------------------------------------------------------------
Parallelization Info
------------------------------------------------------------
Hyperthreading active: true
Hyperthreading used: true
Number of concurrent threads: 10
Number of concurrent threads using GPU: 0
Number of node domains: 24
Domains-to-threads scaling: 2
Average FI domain size: 2e+04
Nice mode: true
Delayed matrix calculation start: false
Load balancing: Version 20090403
Number of mesh fill domains: 126
Memory downscale: 1
Shared memory representation: none
CPU load: 83.33%
Emptiness: 0.00%
Hex mesh complexity: 2.58364
Geometric complexity: 0.58632
lower size limit of domain (1D): 60
------------------------------------------------------------
Node order
9, 19, 5, 14, 13, 8, 16, 10, 4, 6, 18, 11, 2, 22, 21, 1, 
20, 12, 3, 17, 7, 15, 0, 23
------------------------------------------------------------

-------------------------------------------------------------------
Matrix calculation job submit section 0
Currently running jobs: 0
Waiting jobs: 24
Concurrency for section: 10/10
Memory physically installed: 34.2101 GB
Memory currently available: 21.5675 GB
Memory already used: 12.6426 GB
Matrix calculation @ 1xN-Node 0009
	Mesh coverage: 11026200.00 %
	Estimated peak memory usage per node: 344 MB, tightness: 1.59 %
	GPU acceleration: off
	Processor group: 0
Matrix calculation @ 1xN-Node 0019
	Mesh coverage: 11336700.00 %
	Estimated peak memory usage per node: 343 MB, tightness: 1.59 %
	GPU acceleration: off
	Processor group: 0
Matrix calculation @ 1xN-Node 0005
	Mesh coverage: 11003200.00 %
	Estimated peak memory usage per node: 345 MB, tightness: 1.60 %
	GPU acceleration: off
	Processor group: 0
Matrix calculation @ 1xN-Node 0014
	Mesh coverage: 11242400.00 %
	Estimated peak memory usage per node: 341 MB, tightness: 1.58 %
	GPU acceleration: off
	Processor group: 0
Matrix calculation @ 1xN-Node 0013
	Mesh coverage: 11242400.00 %
	Estimated peak memory usage per node: 346 MB, tightness: 1.60 %
	GPU acceleration: off
	Processor group: 0
Matrix calculation @ 1xN-Node 0008
	Mesh coverage: 11362000.00 %
	Estimated peak memory usage per node: 246 MB, tightness: 1.14 %
	GPU acceleration: off
	Processor group: 0
Matrix calculation @ 1xN-Node 0016
	Mesh coverage: 11242400.00 %
	Estimated peak memory usage per node: 347 MB, tightness: 1.61 %
	GPU acceleration: off
	Processor group: 0
Matrix calculation @ 1xN-Node 0010
	Mesh coverage: 11143500.00 %
	Estimated peak memory usage per node: 242 MB, tightness: 1.12 %
	GPU acceleration: off
	Processor group: 0
Matrix calculation @ 1xN-Node 0004
	Mesh coverage: 11003200.00 %
	Estimated peak memory usage per node: 348 MB, tightness: 1.62 %
	GPU acceleration: off
	Processor group: 0
Matrix calculation @ 1xN-Node 0006
	Mesh coverage: 11026200.00 %
	Estimated peak memory usage per node: 241 MB, tightness: 1.12 %
	GPU acceleration: off
	Processor group: 0
Node distribution on 1 processor group: 10
-------------------------------------------------------------------

-------------------------------------------------------------------
Matrix calculation job submit section 1
Currently running jobs: 9
Waiting jobs: 14
Concurrency for section: 1/10
Memory physically installed: 34.2101 GB
Memory currently available: 19.4623 GB
Memory already used: 14.7477 GB
Matrix calculation @ 1xN-Node 0018
	Mesh coverage: 11336700.00 %
	Estimated peak memory usage per node: 348 MB, tightness: 1.79 %
	GPU acceleration: off
	Processor group: 0
Node distribution on 1 processor group: 10
-------------------------------------------------------------------

-------------------------------------------------------------------
Matrix calculation job submit section 2
Currently running jobs: 9
Waiting jobs: 13
Concurrency for section: 1/10
Memory physically installed: 34.2101 GB
Memory currently available: 19.4014 GB
Memory already used: 14.8086 GB
Matrix calculation @ 1xN-Node 0011
	Mesh coverage: 11362000.00 %
	Estimated peak memory usage per node: 241 MB, tightness: 1.24 %
	GPU acceleration: off
	Processor group: 0
Node distribution on 1 processor group: 10
-------------------------------------------------------------------

-------------------------------------------------------------------
Matrix calculation job submit section 3
Currently running jobs: 9
Waiting jobs: 12
Concurrency for section: 1/10
Memory physically installed: 34.2101 GB
Memory currently available: 19.4946 GB
Memory already used: 14.7155 GB
Matrix calculation @ 1xN-Node 0002
	Mesh coverage: 10791600.00 %
	Estimated peak memory usage per node: 351 MB, tightness: 1.80 %
	GPU acceleration: off
	Processor group: 0
Node distribution on 1 processor group: 10
-------------------------------------------------------------------

-------------------------------------------------------------------
Matrix calculation job submit section 4
Currently running jobs: 9
Waiting jobs: 11
Concurrency for section: 1/10
Memory physically installed: 34.2101 GB
Memory currently available: 19.7049 GB
Memory already used: 14.5051 GB
Matrix calculation @ 1xN-Node 0022
	Mesh coverage: 10908900.00 %
	Estimated peak memory usage per node: 238 MB, tightness: 1.21 %
	GPU acceleration: off
	Processor group: 0
Node distribution on 1 processor group: 10
-------------------------------------------------------------------

-------------------------------------------------------------------
Matrix calculation job submit section 5
Currently running jobs: 9
Waiting jobs: 10
Concurrency for section: 1/10
Memory physically installed: 34.2101 GB
Memory currently available: 19.684 GB
Memory already used: 14.526 GB
Matrix calculation @ 1xN-Node 0021
	Mesh coverage: 10685800.00 %
	Estimated peak memory usage per node: 236 MB, tightness: 1.20 %
	GPU acceleration: off
	Processor group: 0
Node distribution on 1 processor group: 10
-------------------------------------------------------------------

-------------------------------------------------------------------
Matrix calculation job submit section 6
Currently running jobs: 9
Waiting jobs: 9
Concurrency for section: 1/10
Memory physically installed: 34.2101 GB
Memory currently available: 20.1575 GB
Memory already used: 14.0526 GB
Matrix calculation @ 1xN-Node 0001
	Mesh coverage: 10791600.00 %
	Estimated peak memory usage per node: 202 MB, tightness: 1.00 %
	GPU acceleration: off
	Processor group: 0
Node distribution on 1 processor group: 10
-------------------------------------------------------------------

-------------------------------------------------------------------
Matrix calculation job submit section 7
Currently running jobs: 9
Waiting jobs: 8
Concurrency for section: 1/10
Memory physically installed: 34.2101 GB
Memory currently available: 20.1604 GB
Memory already used: 14.0497 GB
Matrix calculation @ 1xN-Node 0020
	Mesh coverage: 11109000.00 %
	Estimated peak memory usage per node: 197 MB, tightness: 0.98 %
	GPU acceleration: off
	Processor group: 0
Node distribution on 1 processor group: 10
-------------------------------------------------------------------

-------------------------------------------------------------------
Matrix calculation job submit section 8
Currently running jobs: 9
Waiting jobs: 7
Concurrency for section: 1/10
Memory physically installed: 34.2101 GB
Memory currently available: 20.3339 GB
Memory already used: 13.8762 GB
Matrix calculation @ 1xN-Node 0012
	Mesh coverage: 10897400.00 %
	Estimated peak memory usage per node: 196 MB, tightness: 0.96 %
	GPU acceleration: off
	Processor group: 0
Node distribution on 1 processor group: 10
-------------------------------------------------------------------

-------------------------------------------------------------------
Matrix calculation job submit section 9
Currently running jobs: 9
Waiting jobs: 6
Concurrency for section: 1/10
Memory physically installed: 34.2101 GB
Memory currently available: 20.3337 GB
Memory already used: 13.8764 GB
Matrix calculation @ 1xN-Node 0003
	Mesh coverage: 10660500.00 %
	Estimated peak memory usage per node: 195 MB, tightness: 0.96 %
	GPU acceleration: off
	Processor group: 0
Node distribution on 1 processor group: 10
-------------------------------------------------------------------

-------------------------------------------------------------------
Matrix calculation job submit section 10
Currently running jobs: 9
Waiting jobs: 5
Concurrency for section: 1/10
Memory physically installed: 34.2101 GB
Memory currently available: 20.277 GB
Memory already used: 13.9331 GB
Matrix calculation @ 1xN-Node 0017
	Mesh coverage: 11242400.00 %
	Estimated peak memory usage per node: 168 MB, tightness: 0.83 %
	GPU acceleration: off
	Processor group: 0
Node distribution on 1 processor group: 10
-------------------------------------------------------------------

-------------------------------------------------------------------
Matrix calculation job submit section 11
Currently running jobs: 9
Waiting jobs: 4
Concurrency for section: 1/10
Memory physically installed: 34.2101 GB
Memory currently available: 19.8297 GB
Memory already used: 14.3804 GB
Matrix calculation @ 1xN-Node 0007
	Mesh coverage: 11143500.00 %
	Estimated peak memory usage per node: 141 MB, tightness: 0.71 %
	GPU acceleration: off
	Processor group: 0
Node distribution on 1 processor group: 10
-------------------------------------------------------------------

-------------------------------------------------------------------
Matrix calculation job submit section 12
Currently running jobs: 9
Waiting jobs: 3
Concurrency for section: 1/10
Memory physically installed: 34.2101 GB
Memory currently available: 19.866 GB
Memory already used: 14.344 GB
Matrix calculation @ 1xN-Node 0015
	Mesh coverage: 10897400.00 %
	Estimated peak memory usage per node: 139 MB, tightness: 0.70 %
	GPU acceleration: off
	Processor group: 0
Node distribution on 1 processor group: 10
-------------------------------------------------------------------

-------------------------------------------------------------------
Matrix calculation job submit section 13
Currently running jobs: 9
Waiting jobs: 2
Concurrency for section: 1/10
Memory physically installed: 34.2101 GB
Memory currently available: 19.9027 GB
Memory already used: 14.3074 GB
Matrix calculation @ 1xN-Node 0000
	Mesh coverage: 10453500.00 %
	Estimated peak memory usage per node: 137 MB, tightness: 0.69 %
	GPU acceleration: off
	Processor group: 0
Node distribution on 1 processor group: 10
-------------------------------------------------------------------

-------------------------------------------------------------------
Matrix calculation job submit section 14
Currently running jobs: 9
Waiting jobs: 1
Concurrency for section: 1/10
Memory physically installed: 34.2101 GB
Memory currently available: 19.804 GB
Memory already used: 14.4061 GB
Matrix calculation @ 1xN-Node 0023
	Mesh coverage: 10908900.00 %
	Estimated peak memory usage per node: 115 MB, tightness: 0.58 %
	GPU acceleration: off
	Processor group: 0
Node distribution on 1 processor group: 10
-------------------------------------------------------------------

-------------------------------------
Mesh: # of points excl. TSTs: 2712384
      # of points incl. TSTs: 2715186
-------------------------------------

===========================================
Data rearrangement statistics:
Disk IO directories:	00:00:00.0000
Disk IO node domain files:	00:00:00.0342
Disk IO FI domain files:	00:00:00.0000
Disk IO meta information:	00:00:00.0007
Sequential merge (TST):	00:00:00.0000
===========================================

1xN000:  ========================================================================
         [Boundaries] - MCalc
         open-add-space, mpi, open-add-space, mpi, open-add-space, open-add-space
         ========================================================================

1xN000:  ========================================
         [Mesh] Matrix calculation - NO ACIS mode
         [Mesh] 1xN MPI or parallelization mode
         ========================================

1xN000:  =============================
         [Mesh] Expansion: 0 2 0 2 0 0
         =============================

1xN000:  ==================================================
         [Mesh] world: o(0000,0000,0000) e(0277,0408,0024)
         [Mesh] l-1xN: o(0000,0000,0000) e(0046,0102,0024)
         [Mesh] e-1xN: o(0000,0000,0000) e(0048,0104,0024)
         [Mesh] g-MPI: not available
         [Mesh] bound offset: (0 | 2 | 0)
         ==================================================

1xN000:  =================================================================================
          - hardware info
            + cpu name                    : 12th Gen Intel(R) Core(TM) i5-12400F
            + sockets                     : 1
            + cores per socket            : 6
            + hyperthreading              : on
            + ht-units                    : 2
            + max cpuid level             : 32
            + max cpuid ext. level        : 8
            + numa nodes                  : 1
            + internal cpu info           : CPUID: selected engine is 'Leaf 0xB detection'
         apic ids           : 0, 1, 2, 3, 4, 5, 6, 7, 8, 9, 10, 11
         apic ids (fallback): 0, 1, 2, 3, 4, 5, 6, 7, 8, 9, 10, 11
         from cpu registers: 0, 1, 2, 3, 4, 5, 6, 7, 8, 9, 10, 11
         fallback: 0, 1, 2, 3, 4, 5, 6, 7, 8, 9, 10, 11
         combined: 0, 1, 2, 3, 4, 5, 6, 7, 8, 9, 10, 11
         max id per cpu: 32
         SMT mask: 1
         Core mask: 1e
         Package mask: ffffffe0
         set results:
           - packages: 1
           - cores: 6
           - smts: 2
         generate core map, new implementation
         0, 1, 2, 3, 4, 5, 6, 7, 8, 9, 10, 11
         packages: 1
         cores   : 6
         ht units: 2
          - pinning rule in use   : PINNING_RULE_MCALC_SKIP_ALL
          - desired group         : 0
          - num cores available   : 12
          - active core list from affinity:
            + num accessible procs          : 12
            + num logical procs             : 12
            + current affinity (env)        : 0,1,2,3,4,5,6,7,8,9,10,11
            + sockets ids in                : 0
            + core list                  (1): 0,1,2,3,4,5,6,7,8,9,10,11
          - active cores          : 0,1,2,3,4,5,6,7,8,9,10,11
          - hyperthreading        : on
          - skip pinning: + allowed number of sockets = available number of sockets
                          + hyperthreading allowed by solver
         =================================================================================

1xN000:  ================================================================================
         Version: 2024.1 Release from 2023-10-16 (change 1181985) [Release]
         Workflow: PBA matrix coefficients
         Operation: [fpba, meshfill, bg, port-path, tst, tst-nextgen, coeff, surface-imp]
         Architecture: Windows, ID: AMD64
         System Windows-64bit
         Using processor group 0/1
         Matrix calculation information:
         # of Nodes: 24
         Concurrency: 10
         Start ID: 22
         Node ID: 0
         HEX Mesh information:
         Hex mesh: node: [hxr o(0 | 0 | 0) s(46 | 102 | 24) np (no TSTs): 112608]
         Hex mesh: extended: [hxr o(0 | 0 | 0) s(48 | 104 | 24) np (no TSTs): 119808]
         ================================================================================

1xN000:  -----------------------------------------------------
         Memory status on node "1xN000" for matrix calculation
         	Estimated memory consumption: 0.136754 GB
         	Physical memory installed: 34.2101 GB
         	Available physical memory: 19.9546 GB
         	Available relative memory: 58.3297 %
         -----------------------------------------------------

1xN000:  >>>>>>>>>>>>>>>>>>>>>>>>>>>>>>>>>>>>>>>>>>>>>>>>>
         Sat Sat Apr 26 04:13:27 2025
         started: calculating matrix coefficients per node
         >>>>>>>>>>>>>>>>>>>>>>>>>>>>>>>>>>>>>>>>>>>>>>>>>

1xN000:  ============================================================
         Matrix computation (PBA)
         	[Perfect Boundary Approximation (PBA), version: default]
         	[GPU acceleration: off (by user)]
         Version: 2024.1 Release from 2023-10-16 (change 1181985)
         PBA version 2023101624
         Sub-Workflow: FARM-1xN-TST2-Node
         Workflow updated: -
         Sat Sat Apr 26 04:13:27 2025
         ============================================================

1xN000:  ---------------------------------------------
         Used point accuracy enhancement value: 0.00%.
         ---------------------------------------------

1xN000:  -------------------------------------------------
         Geometry representation: compact
         Shared memory: none
         FARM allocation scheme: PA
         Parallelization: on, used

1xN000:  Gap-Detection activated for FARM-topology. Gaps are resolved, even partially.: gap tolerance value is 0.001000 and mesh geometry scale is 0.001000
1xN000:
1xN000:



1xN000:  ----------------------
         Acceleration mode: CPU
         ----------------------

1xN000:  Port homogenization method: M2H point index deviation
1xN000:  ccccccccccccccccccccccccccccccccccccccccccccccccccccccccccccccccccccc
         FARM/Meshfill cache is set to 8 (local FI domains: 8, dynamic: false)
         ccccccccccccccccccccccccccccccccccccccccccccccccccccccccccccccccccccc

1xN000:  =============================================================
         Hex cell analyzer settings:
         	max number of E fields per mesh edge: 2
         	max number of H fields per mesh face: 4
         	supporting dual grid: false
         	performance improvement: ROI limit: true
         	performance improvement: ROI threshold: 2
         	performance improvement: single topology extraction: true
         	performance improvement: pre-categorize cell volume: true
         	periodic align: 0
         	periodic cells: true
         	homogenization version: pid
         =============================================================

1xN000:  ---------------------
         TST Statistics:
         E Split (6 | 2 | 0)
         E Adapt (14 | 18 | 0)
         B Split (0 | 0 | 20)
         B Adapt (2 | 6 | 4)
         ---------------------

1xN000:  ssssssssssssssssssssssssssssssssssssssssss
         # of curls with SI accuracy enhancement: 0
         ssssssssssssssssssssssssssssssssssssssssss

1xN000:  ------------------------------------------------------------------------------
         PBA fill limit is applied in inverse mode.
         PBA fill limit is applied on faces filled with at least 85.00% metal material.
         --------------------------------------------------------------
         detailed accuracy settings:
         --------------------------------------------------------------
         augmented fill limit:       true
         augmented fill limit value: 85.00
         automatic fill limit:       true
         early fill limit:           true
         inverse fill limit:         true
         model complexity:           0.00
         legacy 2015:                false
         fixed point accuracy:       false
         minimum point accuracy:     0
         mesh step inheritance:      false
         accuracy mode:
         ------------------------------------------------------------------------------

1xN000:  =================================
         Finished matrix computation (PBA)
         =================================

1xN000:  <<<<<<<<<<<<<<<<<<<<<<<<<<<<<<<<<<<<<<<<<<<<<<<<<<<<<<<<<<<<
         Sat Sat Apr 26 04:13:39 2025
         Resource usage for calculating matrix coefficients per node:
         	Runtime                          00:00:12.00187
         	Peak Memory Estimation:                  137 MB
         	Peak Memory Usage:                       175 MB
         <<<<<<<<<<<<<<<<<<<<<<<<<<<<<<<<<<<<<<<<<<<<<<<<<<<<<<<<<<<<



1xN001:  =============================================================
         [Boundaries] - MCalc
         mpi, mpi, open-add-space, mpi, open-add-space, open-add-space
         =============================================================

1xN001:  ========================================
         [Mesh] Matrix calculation - NO ACIS mode
         [Mesh] 1xN MPI or parallelization mode
         ========================================

1xN001:  ==============================
         [Mesh] Expansion: -2 2 0 2 0 0
         ==============================

1xN001:  ==================================================
         [Mesh] world: o(0000,0000,0000) e(0277,0408,0024)
         [Mesh] l-1xN: o(0044,0000,0000) e(0137,0052,0024)
         [Mesh] e-1xN: o(0042,0000,0000) e(0139,0054,0024)
         [Mesh] g-MPI: not available
         [Mesh] bound offset: (-2 | 2 | 0)
         ==================================================

1xN001:  =================================================================================
          - hardware info
            + cpu name                    : 12th Gen Intel(R) Core(TM) i5-12400F
            + sockets                     : 1
            + cores per socket            : 6
            + hyperthreading              : on
            + ht-units                    : 2
            + max cpuid level             : 32
            + max cpuid ext. level        : 8
            + numa nodes                  : 1
            + internal cpu info           : CPUID: selected engine is 'Leaf 0xB detection'
         apic ids           : 0, 1, 2, 3, 4, 5, 6, 7, 8, 9, 10, 11
         apic ids (fallback): 0, 1, 2, 3, 4, 5, 6, 7, 8, 9, 10, 11
         from cpu registers: 0, 1, 2, 3, 4, 5, 6, 7, 8, 9, 10, 11
         fallback: 0, 1, 2, 3, 4, 5, 6, 7, 8, 9, 10, 11
         combined: 0, 1, 2, 3, 4, 5, 6, 7, 8, 9, 10, 11
         max id per cpu: 32
         SMT mask: 1
         Core mask: 1e
         Package mask: ffffffe0
         set results:
           - packages: 1
           - cores: 6
           - smts: 2
         generate core map, new implementation
         0, 1, 2, 3, 4, 5, 6, 7, 8, 9, 10, 11
         packages: 1
         cores   : 6
         ht units: 2
          - pinning rule in use   : PINNING_RULE_MCALC_SKIP_ALL
          - desired group         : 0
          - num cores available   : 12
          - active core list from affinity:
            + num accessible procs          : 12
            + num logical procs             : 12
            + current affinity (env)        : 0,1,2,3,4,5,6,7,8,9,10,11
            + sockets ids in                : 0
            + core list                  (1): 0,1,2,3,4,5,6,7,8,9,10,11
          - active cores          : 0,1,2,3,4,5,6,7,8,9,10,11
          - hyperthreading        : on
          - skip pinning: + allowed number of sockets = available number of sockets
                          + hyperthreading allowed by solver
         =================================================================================

1xN001:  ================================================================================
         Version: 2024.1 Release from 2023-10-16 (change 1181985) [Release]
         Workflow: PBA matrix coefficients
         Operation: [fpba, meshfill, bg, port-path, tst, tst-nextgen, coeff, surface-imp]
         Architecture: Windows, ID: AMD64
         System Windows-64bit
         Using processor group 0/1
         Matrix calculation information:
         # of Nodes: 24
         Concurrency: 10
         Start ID: 15
         Node ID: 1
         HEX Mesh information:
         Hex mesh: node: [hxr o(44 | 0 | 0) s(93 | 52 | 24) np (no TSTs): 116064]
         Hex mesh: extended: [hxr o(42 | 0 | 0) s(97 | 54 | 24) np (no TSTs): 125712]
         ================================================================================

1xN001:  -----------------------------------------------------
         Memory status on node "1xN001" for matrix calculation
         	Estimated memory consumption: 0.202123 GB
         	Physical memory installed: 34.2101 GB
         	Available physical memory: 20.2137 GB
         	Available relative memory: 59.0871 %
         -----------------------------------------------------

1xN001:  >>>>>>>>>>>>>>>>>>>>>>>>>>>>>>>>>>>>>>>>>>>>>>>>>
         Sat Sat Apr 26 04:13:13 2025
         started: calculating matrix coefficients per node
         >>>>>>>>>>>>>>>>>>>>>>>>>>>>>>>>>>>>>>>>>>>>>>>>>

1xN001:  ============================================================
         Matrix computation (PBA)
         	[Perfect Boundary Approximation (PBA), version: default]
         	[GPU acceleration: off (by user)]
         Version: 2024.1 Release from 2023-10-16 (change 1181985)
         PBA version 2023101624
         Sub-Workflow: FARM-1xN-TST2-Node
         Workflow updated: -
         Sat Sat Apr 26 04:13:13 2025
         ============================================================

1xN001:  ---------------------------------------------
         Used point accuracy enhancement value: 0.00%.
         ---------------------------------------------

1xN001:  -------------------------------------------------
         Geometry representation: compact
         Shared memory: none
         FARM allocation scheme: PA
         Parallelization: on, used

1xN001:  Gap-Detection activated for FARM-topology. Gaps are resolved, even partially.: gap tolerance value is 0.001000 and mesh geometry scale is 0.001000
1xN001:
1xN001:



1xN001:  ----------------------
         Acceleration mode: CPU
         ----------------------

1xN001:  Port homogenization method: M2H point index deviation
1xN001:  ccccccccccccccccccccccccccccccccccccccccccccccccccccccccccccccccccccc
         FARM/Meshfill cache is set to 8 (local FI domains: 8, dynamic: false)
         ccccccccccccccccccccccccccccccccccccccccccccccccccccccccccccccccccccc

1xN001:  =============================================================
         Hex cell analyzer settings:
         	max number of E fields per mesh edge: 2
         	max number of H fields per mesh face: 4
         	supporting dual grid: false
         	performance improvement: ROI limit: true
         	performance improvement: ROI threshold: 2
         	performance improvement: single topology extraction: true
         	performance improvement: pre-categorize cell volume: true
         	periodic align: 0
         	periodic cells: true
         	homogenization version: pid
         =============================================================

1xN001:  -------------------
         TST Statistics:
         E Split (0 | 0 | 0)
         E Adapt (0 | 0 | 0)
         B Split (0 | 0 | 0)
         B Adapt (0 | 0 | 0)
         -------------------

1xN001:  ssssssssssssssssssssssssssssssssssssssssss
         # of curls with SI accuracy enhancement: 0
         ssssssssssssssssssssssssssssssssssssssssss

1xN001:  ------------------------------------------------------------------------------
         PBA fill limit is applied in inverse mode.
         PBA fill limit is applied on faces filled with at least 85.00% metal material.
         --------------------------------------------------------------
         detailed accuracy settings:
         --------------------------------------------------------------
         augmented fill limit:       true
         augmented fill limit value: 85.00
         automatic fill limit:       true
         early fill limit:           true
         inverse fill limit:         true
         model complexity:           0.00
         legacy 2015:                false
         fixed point accuracy:       false
         minimum point accuracy:     0
         mesh step inheritance:      false
         accuracy mode:
         ------------------------------------------------------------------------------

1xN001:  =================================
         Finished matrix computation (PBA)
         =================================

1xN001:  <<<<<<<<<<<<<<<<<<<<<<<<<<<<<<<<<<<<<<<<<<<<<<<<<<<<<<<<<<<<
         Sat Sat Apr 26 04:13:30 2025
         Resource usage for calculating matrix coefficients per node:
         	Runtime                          00:00:17.00413
         	Peak Memory Estimation:                  202 MB
         	Peak Memory Usage:                       188 MB
         <<<<<<<<<<<<<<<<<<<<<<<<<<<<<<<<<<<<<<<<<<<<<<<<<<<<<<<<<<<<



1xN002:  ==================================================
         [Boundaries] - MCalc
         mpi, mpi, mpi, mpi, open-add-space, open-add-space
         ==================================================

1xN002:  ========================================
         [Mesh] Matrix calculation - NO ACIS mode
         [Mesh] 1xN MPI or parallelization mode
         ========================================

1xN002:  ===============================
         [Mesh] Expansion: -2 2 -2 2 0 0
         ===============================

1xN002:  ==================================================
         [Mesh] world: o(0000,0000,0000) e(0277,0408,0024)
         [Mesh] l-1xN: o(0044,0050,0000) e(0137,0102,0024)
         [Mesh] e-1xN: o(0042,0048,0000) e(0139,0104,0024)
         [Mesh] g-MPI: not available
         [Mesh] bound offset: (-2 | 2 | -2)
         ==================================================

1xN002:  =================================================================================
          - hardware info
            + cpu name                    : 12th Gen Intel(R) Core(TM) i5-12400F
            + sockets                     : 1
            + cores per socket            : 6
            + hyperthreading              : on
            + ht-units                    : 2
            + max cpuid level             : 32
            + max cpuid ext. level        : 8
            + numa nodes                  : 1
            + internal cpu info           : CPUID: selected engine is 'Leaf 0xB detection'
         apic ids           : 0, 1, 2, 3, 4, 5, 6, 7, 8, 9, 10, 11
         apic ids (fallback): 0, 1, 2, 3, 4, 5, 6, 7, 8, 9, 10, 11
         from cpu registers: 0, 1, 2, 3, 4, 5, 6, 7, 8, 9, 10, 11
         fallback: 0, 1, 2, 3, 4, 5, 6, 7, 8, 9, 10, 11
         combined: 0, 1, 2, 3, 4, 5, 6, 7, 8, 9, 10, 11
         max id per cpu: 32
         SMT mask: 1
         Core mask: 1e
         Package mask: ffffffe0
         set results:
           - packages: 1
           - cores: 6
           - smts: 2
         generate core map, new implementation
         0, 1, 2, 3, 4, 5, 6, 7, 8, 9, 10, 11
         packages: 1
         cores   : 6
         ht units: 2
          - pinning rule in use   : PINNING_RULE_MCALC_SKIP_ALL
          - desired group         : 0
          - num cores available   : 12
          - active core list from affinity:
            + num accessible procs          : 12
            + num logical procs             : 12
            + current affinity (env)        : 0,1,2,3,4,5,6,7,8,9,10,11
            + sockets ids in                : 0
            + core list                  (1): 0,1,2,3,4,5,6,7,8,9,10,11
          - active cores          : 0,1,2,3,4,5,6,7,8,9,10,11
          - hyperthreading        : on
          - skip pinning: + allowed number of sockets = available number of sockets
                          + hyperthreading allowed by solver
         =================================================================================

1xN002:  ================================================================================
         Version: 2024.1 Release from 2023-10-16 (change 1181985) [Release]
         Workflow: PBA matrix coefficients
         Operation: [fpba, meshfill, bg, port-path, tst, tst-nextgen, coeff, surface-imp]
         Architecture: Windows, ID: AMD64
         System Windows-64bit
         Using processor group 0/1
         Matrix calculation information:
         # of Nodes: 24
         Concurrency: 10
         Start ID: 12
         Node ID: 2
         HEX Mesh information:
         Hex mesh: node: [hxr o(44 | 50 | 0) s(93 | 52 | 24) np (no TSTs): 116064]
         Hex mesh: extended: [hxr o(42 | 48 | 0) s(97 | 56 | 24) np (no TSTs): 130368]
         ================================================================================

1xN002:  -----------------------------------------------------
         Memory status on node "1xN002" for matrix calculation
         	Estimated memory consumption: 0.351114 GB
         	Physical memory installed: 34.2101 GB
         	Available physical memory: 19.6885 GB
         	Available relative memory: 57.5517 %
         -----------------------------------------------------

1xN002:  >>>>>>>>>>>>>>>>>>>>>>>>>>>>>>>>>>>>>>>>>>>>>>>>>
         Sat Sat Apr 26 04:13:10 2025
         started: calculating matrix coefficients per node
         >>>>>>>>>>>>>>>>>>>>>>>>>>>>>>>>>>>>>>>>>>>>>>>>>

1xN002:  ============================================================
         Matrix computation (PBA)
         	[Perfect Boundary Approximation (PBA), version: default]
         	[GPU acceleration: off (by user)]
         Version: 2024.1 Release from 2023-10-16 (change 1181985)
         PBA version 2023101624
         Sub-Workflow: FARM-1xN-TST2-Node
         Workflow updated: -
         Sat Sat Apr 26 04:13:10 2025
         ============================================================

1xN002:  ---------------------------------------------
         Used point accuracy enhancement value: 0.00%.
         ---------------------------------------------

1xN002:  -------------------------------------------------
         Geometry representation: compact
         Shared memory: none
         FARM allocation scheme: PA
         Parallelization: on, used

1xN002:  Gap-Detection activated for FARM-topology. Gaps are resolved, even partially.: gap tolerance value is 0.001000 and mesh geometry scale is 0.001000
1xN002:
1xN002:



1xN002:  ----------------------
         Acceleration mode: CPU
         ----------------------

1xN002:  Port homogenization method: M2H point index deviation
1xN002:  cccccccccccccccccccccccccccccccccccccccccccccccccccccccccccccccccccccc
         FARM/Meshfill cache is set to 8 (local FI domains: 12, dynamic: false)
         cccccccccccccccccccccccccccccccccccccccccccccccccccccccccccccccccccccc

1xN002:  =============================================================
         Hex cell analyzer settings:
         	max number of E fields per mesh edge: 2
         	max number of H fields per mesh face: 4
         	supporting dual grid: false
         	performance improvement: ROI limit: true
         	performance improvement: ROI threshold: 2
         	performance improvement: single topology extraction: true
         	performance improvement: pre-categorize cell volume: true
         	periodic align: 0
         	periodic cells: true
         	homogenization version: pid
         =============================================================

1xN002:  ---------------------
         TST Statistics:
         E Split (16 | 4 | 0)
         E Adapt (57 | 68 | 0)
         B Split (0 | 0 | 72)
         B Adapt (4 | 16 | 2)
         ---------------------

1xN002:  ssssssssssssssssssssssssssssssssssssssssss
         # of curls with SI accuracy enhancement: 0
         ssssssssssssssssssssssssssssssssssssssssss

1xN002:  ------------------------------------------------------------------------------
         PBA fill limit is applied in inverse mode.
         PBA fill limit is applied on faces filled with at least 85.00% metal material.
         --------------------------------------------------------------
         detailed accuracy settings:
         --------------------------------------------------------------
         augmented fill limit:       true
         augmented fill limit value: 85.00
         automatic fill limit:       true
         early fill limit:           true
         inverse fill limit:         true
         model complexity:           0.00
         legacy 2015:                false
         fixed point accuracy:       false
         minimum point accuracy:     0
         mesh step inheritance:      false
         accuracy mode:
         ------------------------------------------------------------------------------

1xN002:  lumped face element "EFR32(PCB1):R13" is connected to metal material.
1xN002:  lumped face element "EFR32(PCB1):R3" is connected to metal material.
1xN002:  -------------------------------------------------------------------
         The following lumped face elements are connected to metal material:
         	EFR32(PCB1):R3, EFR32(PCB1):R13
         -------------------------------------------------------------------

1xN002:  =================================
         Finished matrix computation (PBA)
         =================================

1xN002:  <<<<<<<<<<<<<<<<<<<<<<<<<<<<<<<<<<<<<<<<<<<<<<<<<<<<<<<<<<<<
         Sat Sat Apr 26 04:13:34 2025
         Resource usage for calculating matrix coefficients per node:
         	Runtime                          00:00:23.00417
         	Peak Memory Estimation:                  351 MB
         	Peak Memory Usage:                       244 MB
         <<<<<<<<<<<<<<<<<<<<<<<<<<<<<<<<<<<<<<<<<<<<<<<<<<<<<<<<<<<<



1xN003:  =============================================================
         [Boundaries] - MCalc
         open-add-space, mpi, mpi, mpi, open-add-space, open-add-space
         =============================================================

1xN003:  ========================================
         [Mesh] Matrix calculation - NO ACIS mode
         [Mesh] 1xN MPI or parallelization mode
         ========================================

1xN003:  ==============================
         [Mesh] Expansion: 0 2 -2 2 0 0
         ==============================

1xN003:  ==================================================
         [Mesh] world: o(0000,0000,0000) e(0277,0408,0024)
         [Mesh] l-1xN: o(0000,0100,0000) e(0046,0204,0024)
         [Mesh] e-1xN: o(0000,0098,0000) e(0048,0206,0024)
         [Mesh] g-MPI: not available
         [Mesh] bound offset: (0 | 2 | -2)
         ==================================================

1xN003:  =================================================================================
          - hardware info
            + cpu name                    : 12th Gen Intel(R) Core(TM) i5-12400F
            + sockets                     : 1
            + cores per socket            : 6
            + hyperthreading              : on
            + ht-units                    : 2
            + max cpuid level             : 32
            + max cpuid ext. level        : 8
            + numa nodes                  : 1
            + internal cpu info           : CPUID: selected engine is 'Leaf 0xB detection'
         apic ids           : 0, 1, 2, 3, 4, 5, 6, 7, 8, 9, 10, 11
         apic ids (fallback): 0, 1, 2, 3, 4, 5, 6, 7, 8, 9, 10, 11
         from cpu registers: 0, 1, 2, 3, 4, 5, 6, 7, 8, 9, 10, 11
         fallback: 0, 1, 2, 3, 4, 5, 6, 7, 8, 9, 10, 11
         combined: 0, 1, 2, 3, 4, 5, 6, 7, 8, 9, 10, 11
         max id per cpu: 32
         SMT mask: 1
         Core mask: 1e
         Package mask: ffffffe0
         set results:
           - packages: 1
           - cores: 6
           - smts: 2
         generate core map, new implementation
         0, 1, 2, 3, 4, 5, 6, 7, 8, 9, 10, 11
         packages: 1
         cores   : 6
         ht units: 2
          - pinning rule in use   : PINNING_RULE_MCALC_SKIP_ALL
          - desired group         : 0
          - num cores available   : 12
          - active core list from affinity:
            + num accessible procs          : 12
            + num logical procs             : 12
            + current affinity (env)        : 0,1,2,3,4,5,6,7,8,9,10,11
            + sockets ids in                : 0
            + core list                  (1): 0,1,2,3,4,5,6,7,8,9,10,11
          - active cores          : 0,1,2,3,4,5,6,7,8,9,10,11
          - hyperthreading        : on
          - skip pinning: + allowed number of sockets = available number of sockets
                          + hyperthreading allowed by solver
         =================================================================================

1xN003:  ================================================================================
         Version: 2024.1 Release from 2023-10-16 (change 1181985) [Release]
         Workflow: PBA matrix coefficients
         Operation: [fpba, meshfill, bg, port-path, tst, tst-nextgen, coeff, surface-imp]
         Architecture: Windows, ID: AMD64
         System Windows-64bit
         Using processor group 0/1
         Matrix calculation information:
         # of Nodes: 24
         Concurrency: 10
         Start ID: 18
         Node ID: 3
         HEX Mesh information:
         Hex mesh: node: [hxr o(0 | 100 | 0) s(46 | 104 | 24) np (no TSTs): 114816]
         Hex mesh: extended: [hxr o(0 | 98 | 0) s(48 | 108 | 24) np (no TSTs): 124416]
         ================================================================================

1xN003:  -----------------------------------------------------
         Memory status on node "1xN003" for matrix calculation
         	Estimated memory consumption: 0.19511 GB
         	Physical memory installed: 34.2101 GB
         	Available physical memory: 20.453 GB
         	Available relative memory: 59.7865 %
         -----------------------------------------------------

1xN003:  >>>>>>>>>>>>>>>>>>>>>>>>>>>>>>>>>>>>>>>>>>>>>>>>>
         Sat Sat Apr 26 04:13:13 2025
         started: calculating matrix coefficients per node
         >>>>>>>>>>>>>>>>>>>>>>>>>>>>>>>>>>>>>>>>>>>>>>>>>

1xN003:  ============================================================
         Matrix computation (PBA)
         	[Perfect Boundary Approximation (PBA), version: default]
         	[GPU acceleration: off (by user)]
         Version: 2024.1 Release from 2023-10-16 (change 1181985)
         PBA version 2023101624
         Sub-Workflow: FARM-1xN-TST2-Node
         Workflow updated: -
         Sat Sat Apr 26 04:13:13 2025
         ============================================================

1xN003:  ---------------------------------------------
         Used point accuracy enhancement value: 0.00%.
         ---------------------------------------------

1xN003:  -------------------------------------------------
         Geometry representation: compact
         Shared memory: none
         FARM allocation scheme: PA
         Parallelization: on, used

1xN003:  Gap-Detection activated for FARM-topology. Gaps are resolved, even partially.: gap tolerance value is 0.001000 and mesh geometry scale is 0.001000
1xN003:
1xN003:



1xN003:  ----------------------
         Acceleration mode: CPU
         ----------------------

1xN003:  Port homogenization method: M2H point index deviation
1xN003:  cccccccccccccccccccccccccccccccccccccccccccccccccccccccccccccccccccccc
         FARM/Meshfill cache is set to 8 (local FI domains: 10, dynamic: false)
         cccccccccccccccccccccccccccccccccccccccccccccccccccccccccccccccccccccc

1xN003:  =============================================================
         Hex cell analyzer settings:
         	max number of E fields per mesh edge: 2
         	max number of H fields per mesh face: 4
         	supporting dual grid: false
         	performance improvement: ROI limit: true
         	performance improvement: ROI threshold: 2
         	performance improvement: single topology extraction: true
         	performance improvement: pre-categorize cell volume: true
         	periodic align: 0
         	periodic cells: true
         	homogenization version: pid
         =============================================================

1xN003:  -----------------------
         TST Statistics:
         E Split (4 | 18 | 0)
         E Adapt (121 | 109 | 0)
         B Split (0 | 0 | 126)
         B Adapt (18 | 4 | 2)
         -----------------------

1xN003:  ssssssssssssssssssssssssssssssssssssssssss
         # of curls with SI accuracy enhancement: 0
         ssssssssssssssssssssssssssssssssssssssssss

1xN003:  ------------------------------------------------------------------------------
         PBA fill limit is applied in inverse mode.
         PBA fill limit is applied on faces filled with at least 85.00% metal material.
         --------------------------------------------------------------
         detailed accuracy settings:
         --------------------------------------------------------------
         augmented fill limit:       true
         augmented fill limit value: 85.00
         automatic fill limit:       true
         early fill limit:           true
         inverse fill limit:         true
         model complexity:           0.00
         legacy 2015:                false
         fixed point accuracy:       false
         minimum point accuracy:     0
         mesh step inheritance:      false
         accuracy mode:
         ------------------------------------------------------------------------------

1xN003:  =================================
         Finished matrix computation (PBA)
         =================================

1xN003:  <<<<<<<<<<<<<<<<<<<<<<<<<<<<<<<<<<<<<<<<<<<<<<<<<<<<<<<<<<<<
         Sat Sat Apr 26 04:13:32 2025
         Resource usage for calculating matrix coefficients per node:
         	Runtime                          00:00:18.00487
         	Peak Memory Estimation:                  195 MB
         	Peak Memory Usage:                       204 MB
         <<<<<<<<<<<<<<<<<<<<<<<<<<<<<<<<<<<<<<<<<<<<<<<<<<<<<<<<<<<<



1xN004:  ==================================================
         [Boundaries] - MCalc
         mpi, mpi, mpi, mpi, open-add-space, open-add-space
         ==================================================

1xN004:  ========================================
         [Mesh] Matrix calculation - NO ACIS mode
         [Mesh] 1xN MPI or parallelization mode
         ========================================

1xN004:  ===============================
         [Mesh] Expansion: -2 2 -2 2 0 0
         ===============================

1xN004:  ==================================================
         [Mesh] world: o(0000,0000,0000) e(0277,0408,0024)
         [Mesh] l-1xN: o(0044,0100,0000) e(0137,0153,0024)
         [Mesh] e-1xN: o(0042,0098,0000) e(0139,0155,0024)
         [Mesh] g-MPI: not available
         [Mesh] bound offset: (-2 | 2 | -2)
         ==================================================

1xN004:  =================================================================================
          - hardware info
            + cpu name                    : 12th Gen Intel(R) Core(TM) i5-12400F
            + sockets                     : 1
            + cores per socket            : 6
            + hyperthreading              : on
            + ht-units                    : 2
            + max cpuid level             : 32
            + max cpuid ext. level        : 8
            + numa nodes                  : 1
            + internal cpu info           : CPUID: selected engine is 'Leaf 0xB detection'
         apic ids           : 0, 1, 2, 3, 4, 5, 6, 7, 8, 9, 10, 11
         apic ids (fallback): 0, 1, 2, 3, 4, 5, 6, 7, 8, 9, 10, 11
         from cpu registers: 0, 1, 2, 3, 4, 5, 6, 7, 8, 9, 10, 11
         fallback: 0, 1, 2, 3, 4, 5, 6, 7, 8, 9, 10, 11
         combined: 0, 1, 2, 3, 4, 5, 6, 7, 8, 9, 10, 11
         max id per cpu: 32
         SMT mask: 1
         Core mask: 1e
         Package mask: ffffffe0
         set results:
           - packages: 1
           - cores: 6
           - smts: 2
         generate core map, new implementation
         0, 1, 2, 3, 4, 5, 6, 7, 8, 9, 10, 11
         packages: 1
         cores   : 6
         ht units: 2
          - pinning rule in use   : PINNING_RULE_MCALC_SKIP_ALL
          - desired group         : 0
          - num cores available   : 12
          - active core list from affinity:
            + num accessible procs          : 12
            + num logical procs             : 12
            + current affinity (env)        : 0,1,2,3,4,5,6,7,8,9,10,11
            + sockets ids in                : 0
            + core list                  (1): 0,1,2,3,4,5,6,7,8,9,10,11
          - active cores          : 0,1,2,3,4,5,6,7,8,9,10,11
          - hyperthreading        : on
          - skip pinning: + allowed number of sockets = available number of sockets
                          + hyperthreading allowed by solver
         =================================================================================

1xN004:  ================================================================================
         Version: 2024.1 Release from 2023-10-16 (change 1181985) [Release]
         Workflow: PBA matrix coefficients
         Operation: [fpba, meshfill, bg, port-path, tst, tst-nextgen, coeff, surface-imp]
         Architecture: Windows, ID: AMD64
         System Windows-64bit
         Using processor group 0/1
         Matrix calculation information:
         # of Nodes: 24
         Concurrency: 10
         Start ID: 8
         Node ID: 4
         HEX Mesh information:
         Hex mesh: node: [hxr o(44 | 100 | 0) s(93 | 53 | 24) np (no TSTs): 118296]
         Hex mesh: extended: [hxr o(42 | 98 | 0) s(97 | 57 | 24) np (no TSTs): 132696]
         ================================================================================

1xN004:  -----------------------------------------------------
         Memory status on node "1xN004" for matrix calculation
         	Estimated memory consumption: 0.348343 GB
         	Physical memory installed: 34.2101 GB
         	Available physical memory: 21.3515 GB
         	Available relative memory: 62.413 %
         -----------------------------------------------------

1xN004:  >>>>>>>>>>>>>>>>>>>>>>>>>>>>>>>>>>>>>>>>>>>>>>>>>
         Sat Sat Apr 26 04:12:47 2025
         started: calculating matrix coefficients per node
         >>>>>>>>>>>>>>>>>>>>>>>>>>>>>>>>>>>>>>>>>>>>>>>>>

1xN004:  ============================================================
         Matrix computation (PBA)
         	[Perfect Boundary Approximation (PBA), version: default]
         	[GPU acceleration: off (by user)]
         Version: 2024.1 Release from 2023-10-16 (change 1181985)
         PBA version 2023101624
         Sub-Workflow: FARM-1xN-TST2-Node
         Workflow updated: -
         Sat Sat Apr 26 04:12:47 2025
         ============================================================

1xN004:  ---------------------------------------------
         Used point accuracy enhancement value: 0.00%.
         ---------------------------------------------

1xN004:  -------------------------------------------------
         Geometry representation: compact
         Shared memory: none
         FARM allocation scheme: PA
         Parallelization: on, used

1xN004:  Gap-Detection activated for FARM-topology. Gaps are resolved, even partially.: gap tolerance value is 0.001000 and mesh geometry scale is 0.001000
1xN004:
1xN004:



1xN004:  ----------------------
         Acceleration mode: CPU
         ----------------------

1xN004:  Port homogenization method: M2H point index deviation
1xN004:  cccccccccccccccccccccccccccccccccccccccccccccccccccccccccccccccccccccc
         FARM/Meshfill cache is set to 8 (local FI domains: 12, dynamic: false)
         cccccccccccccccccccccccccccccccccccccccccccccccccccccccccccccccccccccc

1xN004:  =============================================================
         Hex cell analyzer settings:
         	max number of E fields per mesh edge: 2
         	max number of H fields per mesh face: 4
         	supporting dual grid: false
         	performance improvement: ROI limit: true
         	performance improvement: ROI threshold: 2
         	performance improvement: single topology extraction: true
         	performance improvement: pre-categorize cell volume: true
         	periodic align: 0
         	periodic cells: true
         	homogenization version: pid
         =============================================================

1xN004:  ----------------------
         TST Statistics:
         E Split (118 | 2 | 0)
         E Adapt (18 | 133 | 0)
         B Split (0 | 0 | 134)
         B Adapt (2 | 118 | 3)
         ----------------------

1xN004:  ssssssssssssssssssssssssssssssssssssssssss
         # of curls with SI accuracy enhancement: 0
         ssssssssssssssssssssssssssssssssssssssssss

1xN004:  ------------------------------------------------------------------------------
         PBA fill limit is applied in inverse mode.
         PBA fill limit is applied on faces filled with at least 85.00% metal material.
         --------------------------------------------------------------
         detailed accuracy settings:
         --------------------------------------------------------------
         augmented fill limit:       true
         augmented fill limit value: 85.00
         automatic fill limit:       true
         early fill limit:           true
         inverse fill limit:         true
         model complexity:           0.00
         legacy 2015:                false
         fixed point accuracy:       false
         minimum point accuracy:     0
         mesh step inheritance:      false
         accuracy mode:
         ------------------------------------------------------------------------------

1xN004:  lumped face element "EFR32(PCB1):R7" is connected to metal material.
1xN004:  lumped face element "EFR32(PCB1):R8" is connected to metal material.
1xN004:  lumped face element "EFR32(PCB1):R9" is connected to metal material.
1xN004:  -------------------------------------------------------------------
         The following lumped face elements are connected to metal material:
         	EFR32(PCB1):R7, EFR32(PCB1):R8, EFR32(PCB1):R9
         -------------------------------------------------------------------

1xN004:  =================================
         Finished matrix computation (PBA)
         =================================

1xN004:  <<<<<<<<<<<<<<<<<<<<<<<<<<<<<<<<<<<<<<<<<<<<<<<<<<<<<<<<<<<<
         Sat Sat Apr 26 04:13:12 2025
         Resource usage for calculating matrix coefficients per node:
         	Runtime                          00:00:25.00251
         	Peak Memory Estimation:                  348 MB
         	Peak Memory Usage:                       262 MB
         <<<<<<<<<<<<<<<<<<<<<<<<<<<<<<<<<<<<<<<<<<<<<<<<<<<<<<<<<<<<



1xN005:  ==================================================
         [Boundaries] - MCalc
         mpi, mpi, mpi, mpi, open-add-space, open-add-space
         ==================================================

1xN005:  ========================================
         [Mesh] Matrix calculation - NO ACIS mode
         [Mesh] 1xN MPI or parallelization mode
         ========================================

1xN005:  ===============================
         [Mesh] Expansion: -2 2 -2 2 0 0
         ===============================

1xN005:  ==================================================
         [Mesh] world: o(0000,0000,0000) e(0277,0408,0024)
         [Mesh] l-1xN: o(0044,0151,0000) e(0137,0204,0024)
         [Mesh] e-1xN: o(0042,0149,0000) e(0139,0206,0024)
         [Mesh] g-MPI: not available
         [Mesh] bound offset: (-2 | 2 | -2)
         ==================================================

1xN005:  =================================================================================
          - hardware info
            + cpu name                    : 12th Gen Intel(R) Core(TM) i5-12400F
            + sockets                     : 1
            + cores per socket            : 6
            + hyperthreading              : on
            + ht-units                    : 2
            + max cpuid level             : 32
            + max cpuid ext. level        : 8
            + numa nodes                  : 1
            + internal cpu info           : CPUID: selected engine is 'Leaf 0xB detection'
         apic ids           : 0, 1, 2, 3, 4, 5, 6, 7, 8, 9, 10, 11
         apic ids (fallback): 0, 1, 2, 3, 4, 5, 6, 7, 8, 9, 10, 11
         from cpu registers: 0, 1, 2, 3, 4, 5, 6, 7, 8, 9, 10, 11
         fallback: 0, 1, 2, 3, 4, 5, 6, 7, 8, 9, 10, 11
         combined: 0, 1, 2, 3, 4, 5, 6, 7, 8, 9, 10, 11
         max id per cpu: 32
         SMT mask: 1
         Core mask: 1e
         Package mask: ffffffe0
         set results:
           - packages: 1
           - cores: 6
           - smts: 2
         generate core map, new implementation
         0, 1, 2, 3, 4, 5, 6, 7, 8, 9, 10, 11
         packages: 1
         cores   : 6
         ht units: 2
          - pinning rule in use   : PINNING_RULE_MCALC_SKIP_ALL
          - desired group         : 0
          - num cores available   : 12
          - active core list from affinity:
            + num accessible procs          : 12
            + num logical procs             : 12
            + current affinity (env)        : 0,1,2,3,4,5,6,7,8,9,10,11
            + sockets ids in                : 0
            + core list                  (1): 0,1,2,3,4,5,6,7,8,9,10,11
          - active cores          : 0,1,2,3,4,5,6,7,8,9,10,11
          - hyperthreading        : on
          - skip pinning: + allowed number of sockets = available number of sockets
                          + hyperthreading allowed by solver
         =================================================================================

1xN005:  ================================================================================
         Version: 2024.1 Release from 2023-10-16 (change 1181985) [Release]
         Workflow: PBA matrix coefficients
         Operation: [fpba, meshfill, bg, port-path, tst, tst-nextgen, coeff, surface-imp]
         Architecture: Windows, ID: AMD64
         System Windows-64bit
         Using processor group 0/1
         Matrix calculation information:
         # of Nodes: 24
         Concurrency: 10
         Start ID: 2
         Node ID: 5
         HEX Mesh information:
         Hex mesh: node: [hxr o(44 | 151 | 0) s(93 | 53 | 24) np (no TSTs): 118296]
         Hex mesh: extended: [hxr o(42 | 149 | 0) s(97 | 57 | 24) np (no TSTs): 132696]
         ================================================================================

1xN005:  -----------------------------------------------------
         Memory status on node "1xN005" for matrix calculation
         	Estimated memory consumption: 0.345354 GB
         	Physical memory installed: 34.2101 GB
         	Available physical memory: 21.3886 GB
         	Available relative memory: 62.5213 %
         -----------------------------------------------------

1xN005:  >>>>>>>>>>>>>>>>>>>>>>>>>>>>>>>>>>>>>>>>>>>>>>>>>
         Sat Sat Apr 26 04:12:47 2025
         started: calculating matrix coefficients per node
         >>>>>>>>>>>>>>>>>>>>>>>>>>>>>>>>>>>>>>>>>>>>>>>>>

1xN005:  ============================================================
         Matrix computation (PBA)
         	[Perfect Boundary Approximation (PBA), version: default]
         	[GPU acceleration: off (by user)]
         Version: 2024.1 Release from 2023-10-16 (change 1181985)
         PBA version 2023101624
         Sub-Workflow: FARM-1xN-TST2-Node
         Workflow updated: -
         Sat Sat Apr 26 04:12:47 2025
         ============================================================

1xN005:  ---------------------------------------------
         Used point accuracy enhancement value: 0.00%.
         ---------------------------------------------

1xN005:  -------------------------------------------------
         Geometry representation: compact
         Shared memory: none
         FARM allocation scheme: PA
         Parallelization: on, used

1xN005:  Gap-Detection activated for FARM-topology. Gaps are resolved, even partially.: gap tolerance value is 0.001000 and mesh geometry scale is 0.001000
1xN005:
1xN005:



1xN005:  ----------------------
         Acceleration mode: CPU
         ----------------------

1xN005:  Port homogenization method: M2H point index deviation
1xN005:  cccccccccccccccccccccccccccccccccccccccccccccccccccccccccccccccccccccc
         FARM/Meshfill cache is set to 8 (local FI domains: 12, dynamic: false)
         cccccccccccccccccccccccccccccccccccccccccccccccccccccccccccccccccccccc

1xN005:  =============================================================
         Hex cell analyzer settings:
         	max number of E fields per mesh edge: 2
         	max number of H fields per mesh face: 4
         	supporting dual grid: false
         	performance improvement: ROI limit: true
         	performance improvement: ROI threshold: 2
         	performance improvement: single topology extraction: true
         	performance improvement: pre-categorize cell volume: true
         	periodic align: 0
         	periodic cells: true
         	homogenization version: pid
         =============================================================

1xN005:  ------------------------
         TST Statistics:
         E Split (94 | 12 | 0)
         E Adapt (145 | 226 | 12)
         B Split (6 | 6 | 238)
         B Adapt (8 | 90 | 9)
         ------------------------

1xN005:  ssssssssssssssssssssssssssssssssssssssssss
         # of curls with SI accuracy enhancement: 0
         ssssssssssssssssssssssssssssssssssssssssss

1xN005:  ------------------------------------------------------------------------------
         PBA fill limit is applied in inverse mode.
         PBA fill limit is applied on faces filled with at least 85.00% metal material.
         --------------------------------------------------------------
         detailed accuracy settings:
         --------------------------------------------------------------
         augmented fill limit:       true
         augmented fill limit value: 85.00
         automatic fill limit:       true
         early fill limit:           true
         inverse fill limit:         true
         model complexity:           0.00
         legacy 2015:                false
         fixed point accuracy:       false
         minimum point accuracy:     0
         mesh step inheritance:      false
         accuracy mode:
         ------------------------------------------------------------------------------

1xN005:  lumped face element "EFR32(PCB1):C1" is connected to metal material.
1xN005:  lumped face element "EFR32(PCB1):C8" is connected to metal material.
1xN005:  lumped face element "EFR32(PCB1):C9" is connected to metal material.
1xN005:  lumped face element "EFR32(PCB1):R2" is connected to metal material.
1xN005:  -------------------------------------------------------------------
         The following lumped face elements are connected to metal material:
         	EFR32(PCB1):C1, EFR32(PCB1):C8, EFR32(PCB1):C9, EFR32(PCB1):R2
         -------------------------------------------------------------------

1xN005:  =================================
         Finished matrix computation (PBA)
         =================================

1xN005:  <<<<<<<<<<<<<<<<<<<<<<<<<<<<<<<<<<<<<<<<<<<<<<<<<<<<<<<<<<<<
         Sat Sat Apr 26 04:13:12 2025
         Resource usage for calculating matrix coefficients per node:
         	Runtime                          00:00:25.00574
         	Peak Memory Estimation:                  345 MB
         	Peak Memory Usage:                       275 MB
         <<<<<<<<<<<<<<<<<<<<<<<<<<<<<<<<<<<<<<<<<<<<<<<<<<<<<<<<<<<<



1xN006:  =============================================================
         [Boundaries] - MCalc
         mpi, mpi, open-add-space, mpi, open-add-space, open-add-space
         =============================================================

1xN006:  ========================================
         [Mesh] Matrix calculation - NO ACIS mode
         [Mesh] 1xN MPI or parallelization mode
         ========================================

1xN006:  ==============================
         [Mesh] Expansion: -2 2 0 2 0 0
         ==============================

1xN006:  ==================================================
         [Mesh] world: o(0000,0000,0000) e(0277,0408,0024)
         [Mesh] l-1xN: o(0135,0000,0000) e(0183,0103,0024)
         [Mesh] e-1xN: o(0133,0000,0000) e(0185,0105,0024)
         [Mesh] g-MPI: not available
         [Mesh] bound offset: (-2 | 2 | 0)
         ==================================================

1xN006:  =================================================================================
          - hardware info
            + cpu name                    : 12th Gen Intel(R) Core(TM) i5-12400F
            + sockets                     : 1
            + cores per socket            : 6
            + hyperthreading              : on
            + ht-units                    : 2
            + max cpuid level             : 32
            + max cpuid ext. level        : 8
            + numa nodes                  : 1
            + internal cpu info           : CPUID: selected engine is 'Leaf 0xB detection'
         apic ids           : 0, 1, 2, 3, 4, 5, 6, 7, 8, 9, 10, 11
         apic ids (fallback): 0, 1, 2, 3, 4, 5, 6, 7, 8, 9, 10, 11
         from cpu registers: 0, 1, 2, 3, 4, 5, 6, 7, 8, 9, 10, 11
         fallback: 0, 1, 2, 3, 4, 5, 6, 7, 8, 9, 10, 11
         combined: 0, 1, 2, 3, 4, 5, 6, 7, 8, 9, 10, 11
         max id per cpu: 32
         SMT mask: 1
         Core mask: 1e
         Package mask: ffffffe0
         set results:
           - packages: 1
           - cores: 6
           - smts: 2
         generate core map, new implementation
         0, 1, 2, 3, 4, 5, 6, 7, 8, 9, 10, 11
         packages: 1
         cores   : 6
         ht units: 2
          - pinning rule in use   : PINNING_RULE_MCALC_SKIP_ALL
          - desired group         : 0
          - num cores available   : 12
          - active core list from affinity:
            + num accessible procs          : 12
            + num logical procs             : 12
            + current affinity (env)        : 0,1,2,3,4,5,6,7,8,9,10,11
            + sockets ids in                : 0
            + core list                  (1): 0,1,2,3,4,5,6,7,8,9,10,11
          - active cores          : 0,1,2,3,4,5,6,7,8,9,10,11
          - hyperthreading        : on
          - skip pinning: + allowed number of sockets = available number of sockets
                          + hyperthreading allowed by solver
         =================================================================================

1xN006:  ================================================================================
         Version: 2024.1 Release from 2023-10-16 (change 1181985) [Release]
         Workflow: PBA matrix coefficients
         Operation: [fpba, meshfill, bg, port-path, tst, tst-nextgen, coeff, surface-imp]
         Architecture: Windows, ID: AMD64
         System Windows-64bit
         Using processor group 0/1
         Matrix calculation information:
         # of Nodes: 24
         Concurrency: 10
         Start ID: 9
         Node ID: 6
         HEX Mesh information:
         Hex mesh: node: [hxr o(135 | 0 | 0) s(48 | 103 | 24) np (no TSTs): 118656]
         Hex mesh: extended: [hxr o(133 | 0 | 0) s(52 | 105 | 24) np (no TSTs): 131040]
         ================================================================================

1xN006:  -----------------------------------------------------
         Memory status on node "1xN006" for matrix calculation
         	Estimated memory consumption: 0.241239 GB
         	Physical memory installed: 34.2101 GB
         	Available physical memory: 21.3349 GB
         	Available relative memory: 62.3643 %
         -----------------------------------------------------

1xN006:  >>>>>>>>>>>>>>>>>>>>>>>>>>>>>>>>>>>>>>>>>>>>>>>>>
         Sat Sat Apr 26 04:12:47 2025
         started: calculating matrix coefficients per node
         >>>>>>>>>>>>>>>>>>>>>>>>>>>>>>>>>>>>>>>>>>>>>>>>>

1xN006:  ============================================================
         Matrix computation (PBA)
         	[Perfect Boundary Approximation (PBA), version: default]
         	[GPU acceleration: off (by user)]
         Version: 2024.1 Release from 2023-10-16 (change 1181985)
         PBA version 2023101624
         Sub-Workflow: FARM-1xN-TST2-Node
         Workflow updated: -
         Sat Sat Apr 26 04:12:47 2025
         ============================================================

1xN006:  ---------------------------------------------
         Used point accuracy enhancement value: 0.00%.
         ---------------------------------------------

1xN006:  -------------------------------------------------
         Geometry representation: compact
         Shared memory: none
         FARM allocation scheme: PA
         Parallelization: on, used

1xN006:  Gap-Detection activated for FARM-topology. Gaps are resolved, even partially.: gap tolerance value is 0.001000 and mesh geometry scale is 0.001000
1xN006:
1xN006:



1xN006:  ----------------------
         Acceleration mode: CPU
         ----------------------

1xN006:  Port homogenization method: M2H point index deviation
1xN006:  cccccccccccccccccccccccccccccccccccccccccccccccccccccccccccccccccccccc
         FARM/Meshfill cache is set to 8 (local FI domains: 12, dynamic: false)
         cccccccccccccccccccccccccccccccccccccccccccccccccccccccccccccccccccccc

1xN006:  =============================================================
         Hex cell analyzer settings:
         	max number of E fields per mesh edge: 2
         	max number of H fields per mesh face: 4
         	supporting dual grid: false
         	performance improvement: ROI limit: true
         	performance improvement: ROI threshold: 2
         	performance improvement: single topology extraction: true
         	performance improvement: pre-categorize cell volume: true
         	periodic align: 0
         	periodic cells: true
         	homogenization version: pid
         =============================================================

1xN006:  -------------------
         TST Statistics:
         E Split (0 | 6 | 0)
         E Adapt (8 | 2 | 0)
         B Split (0 | 0 | 8)
         B Adapt (6 | 0 | 3)
         -------------------

1xN006:  ssssssssssssssssssssssssssssssssssssssssss
         # of curls with SI accuracy enhancement: 0
         ssssssssssssssssssssssssssssssssssssssssss

1xN006:  ------------------------------------------------------------------------------
         PBA fill limit is applied in inverse mode.
         PBA fill limit is applied on faces filled with at least 85.00% metal material.
         --------------------------------------------------------------
         detailed accuracy settings:
         --------------------------------------------------------------
         augmented fill limit:       true
         augmented fill limit value: 85.00
         automatic fill limit:       true
         early fill limit:           true
         inverse fill limit:         true
         model complexity:           0.00
         legacy 2015:                false
         fixed point accuracy:       false
         minimum point accuracy:     0
         mesh step inheritance:      false
         accuracy mode:
         ------------------------------------------------------------------------------

1xN006:  lumped face element "EFR32(PCB1):R4" is connected to metal material.
1xN006:  -----------------------------------------------------------------
         The following lumped face element is connected to metal material:
         	EFR32(PCB1):R4
         -----------------------------------------------------------------

1xN006:  =================================
         Finished matrix computation (PBA)
         =================================

1xN006:  <<<<<<<<<<<<<<<<<<<<<<<<<<<<<<<<<<<<<<<<<<<<<<<<<<<<<<<<<<<<
         Sat Sat Apr 26 04:13:08 2025
         Resource usage for calculating matrix coefficients per node:
         	Runtime                          00:00:21.00588
         	Peak Memory Estimation:                  241 MB
         	Peak Memory Usage:                       229 MB
         <<<<<<<<<<<<<<<<<<<<<<<<<<<<<<<<<<<<<<<<<<<<<<<<<<<<<<<<<<<<



1xN007:  ========================================================================
         [Boundaries] - MCalc
         mpi, open-add-space, open-add-space, mpi, open-add-space, open-add-space
         ========================================================================

1xN007:  ========================================
         [Mesh] Matrix calculation - NO ACIS mode
         [Mesh] 1xN MPI or parallelization mode
         ========================================

1xN007:  ==============================
         [Mesh] Expansion: -2 0 0 2 0 0
         ==============================

1xN007:  ==================================================
         [Mesh] world: o(0000,0000,0000) e(0277,0408,0024)
         [Mesh] l-1xN: o(0181,0000,0000) e(0277,0052,0024)
         [Mesh] e-1xN: o(0179,0000,0000) e(0277,0054,0024)
         [Mesh] g-MPI: not available
         [Mesh] bound offset: (-2 | 0 | 0)
         ==================================================

1xN007:  =================================================================================
          - hardware info
            + cpu name                    : 12th Gen Intel(R) Core(TM) i5-12400F
            + sockets                     : 1
            + cores per socket            : 6
            + hyperthreading              : on
            + ht-units                    : 2
            + max cpuid level             : 32
            + max cpuid ext. level        : 8
            + numa nodes                  : 1
            + internal cpu info           : CPUID: selected engine is 'Leaf 0xB detection'
         apic ids           : 0, 1, 2, 3, 4, 5, 6, 7, 8, 9, 10, 11
         apic ids (fallback): 0, 1, 2, 3, 4, 5, 6, 7, 8, 9, 10, 11
         from cpu registers: 0, 1, 2, 3, 4, 5, 6, 7, 8, 9, 10, 11
         fallback: 0, 1, 2, 3, 4, 5, 6, 7, 8, 9, 10, 11
         combined: 0, 1, 2, 3, 4, 5, 6, 7, 8, 9, 10, 11
         max id per cpu: 32
         SMT mask: 1
         Core mask: 1e
         Package mask: ffffffe0
         set results:
           - packages: 1
           - cores: 6
           - smts: 2
         generate core map, new implementation
         0, 1, 2, 3, 4, 5, 6, 7, 8, 9, 10, 11
         packages: 1
         cores   : 6
         ht units: 2
          - pinning rule in use   : PINNING_RULE_MCALC_SKIP_ALL
          - desired group         : 0
          - num cores available   : 12
          - active core list from affinity:
            + num accessible procs          : 12
            + num logical procs             : 12
            + current affinity (env)        : 0,1,2,3,4,5,6,7,8,9,10,11
            + sockets ids in                : 0
            + core list                  (1): 0,1,2,3,4,5,6,7,8,9,10,11
          - active cores          : 0,1,2,3,4,5,6,7,8,9,10,11
          - hyperthreading        : on
          - skip pinning: + allowed number of sockets = available number of sockets
                          + hyperthreading allowed by solver
         =================================================================================

1xN007:  ================================================================================
         Version: 2024.1 Release from 2023-10-16 (change 1181985) [Release]
         Workflow: PBA matrix coefficients
         Operation: [fpba, meshfill, bg, port-path, tst, tst-nextgen, coeff, surface-imp]
         Architecture: Windows, ID: AMD64
         System Windows-64bit
         Using processor group 0/1
         Matrix calculation information:
         # of Nodes: 24
         Concurrency: 10
         Start ID: 20
         Node ID: 7
         HEX Mesh information:
         Hex mesh: node: [hxr o(181 | 0 | 0) s(96 | 52 | 24) np (no TSTs): 119808]
         Hex mesh: extended: [hxr o(179 | 0 | 0) s(98 | 54 | 24) np (no TSTs): 127008]
         ================================================================================

1xN007:  -----------------------------------------------------
         Memory status on node "1xN007" for matrix calculation
         	Estimated memory consumption: 0.141251 GB
         	Physical memory installed: 34.2101 GB
         	Available physical memory: 19.8795 GB
         	Available relative memory: 58.1101 %
         -----------------------------------------------------

1xN007:  >>>>>>>>>>>>>>>>>>>>>>>>>>>>>>>>>>>>>>>>>>>>>>>>>
         Sat Sat Apr 26 04:13:25 2025
         started: calculating matrix coefficients per node
         >>>>>>>>>>>>>>>>>>>>>>>>>>>>>>>>>>>>>>>>>>>>>>>>>

1xN007:  ============================================================
         Matrix computation (PBA)
         	[Perfect Boundary Approximation (PBA), version: default]
         	[GPU acceleration: off (by user)]
         Version: 2024.1 Release from 2023-10-16 (change 1181985)
         PBA version 2023101624
         Sub-Workflow: FARM-1xN-TST2-Node
         Workflow updated: -
         Sat Sat Apr 26 04:13:25 2025
         ============================================================

1xN007:  ---------------------------------------------
         Used point accuracy enhancement value: 0.00%.
         ---------------------------------------------

1xN007:  -------------------------------------------------
         Geometry representation: compact
         Shared memory: none
         FARM allocation scheme: PA
         Parallelization: on, used

1xN007:  Gap-Detection activated for FARM-topology. Gaps are resolved, even partially.: gap tolerance value is 0.001000 and mesh geometry scale is 0.001000
1xN007:
1xN007:



1xN007:  ----------------------
         Acceleration mode: CPU
         ----------------------

1xN007:  Port homogenization method: M2H point index deviation
1xN007:  ccccccccccccccccccccccccccccccccccccccccccccccccccccccccccccccccccccc
         FARM/Meshfill cache is set to 8 (local FI domains: 8, dynamic: false)
         ccccccccccccccccccccccccccccccccccccccccccccccccccccccccccccccccccccc

1xN007:  =============================================================
         Hex cell analyzer settings:
         	max number of E fields per mesh edge: 2
         	max number of H fields per mesh face: 4
         	supporting dual grid: false
         	performance improvement: ROI limit: true
         	performance improvement: ROI threshold: 2
         	performance improvement: single topology extraction: true
         	performance improvement: pre-categorize cell volume: true
         	periodic align: 0
         	periodic cells: true
         	homogenization version: pid
         =============================================================

1xN007:  -------------------
         TST Statistics:
         E Split (0 | 0 | 0)
         E Adapt (4 | 4 | 0)
         B Split (0 | 0 | 4)
         B Adapt (0 | 0 | 0)
         -------------------

1xN007:  ssssssssssssssssssssssssssssssssssssssssss
         # of curls with SI accuracy enhancement: 0
         ssssssssssssssssssssssssssssssssssssssssss

1xN007:  ------------------------------------------------------------------------------
         PBA fill limit is applied in inverse mode.
         PBA fill limit is applied on faces filled with at least 85.00% metal material.
         --------------------------------------------------------------
         detailed accuracy settings:
         --------------------------------------------------------------
         augmented fill limit:       true
         augmented fill limit value: 85.00
         automatic fill limit:       true
         early fill limit:           true
         inverse fill limit:         true
         model complexity:           0.00
         legacy 2015:                false
         fixed point accuracy:       false
         minimum point accuracy:     0
         mesh step inheritance:      false
         accuracy mode:
         ------------------------------------------------------------------------------

1xN007:  =================================
         Finished matrix computation (PBA)
         =================================

1xN007:  <<<<<<<<<<<<<<<<<<<<<<<<<<<<<<<<<<<<<<<<<<<<<<<<<<<<<<<<<<<<
         Sat Sat Apr 26 04:13:38 2025
         Resource usage for calculating matrix coefficients per node:
         	Runtime                          00:00:13.00292
         	Peak Memory Estimation:                  141 MB
         	Peak Memory Usage:                       180 MB
         <<<<<<<<<<<<<<<<<<<<<<<<<<<<<<<<<<<<<<<<<<<<<<<<<<<<<<<<<<<<



1xN008:  =============================================================
         [Boundaries] - MCalc
         mpi, open-add-space, mpi, mpi, open-add-space, open-add-space
         =============================================================

1xN008:  ========================================
         [Mesh] Matrix calculation - NO ACIS mode
         [Mesh] 1xN MPI or parallelization mode
         ========================================

1xN008:  ===============================
         [Mesh] Expansion: -2 0 -2 2 0 0
         ===============================

1xN008:  ==================================================
         [Mesh] world: o(0000,0000,0000) e(0277,0408,0024)
         [Mesh] l-1xN: o(0181,0050,0000) e(0277,0103,0024)
         [Mesh] e-1xN: o(0179,0048,0000) e(0277,0105,0024)
         [Mesh] g-MPI: not available
         [Mesh] bound offset: (-2 | 0 | -2)
         ==================================================

1xN008:  =================================================================================
          - hardware info
            + cpu name                    : 12th Gen Intel(R) Core(TM) i5-12400F
            + sockets                     : 1
            + cores per socket            : 6
            + hyperthreading              : on
            + ht-units                    : 2
            + max cpuid level             : 32
            + max cpuid ext. level        : 8
            + numa nodes                  : 1
            + internal cpu info           : CPUID: selected engine is 'Leaf 0xB detection'
         apic ids           : 0, 1, 2, 3, 4, 5, 6, 7, 8, 9, 10, 11
         apic ids (fallback): 0, 1, 2, 3, 4, 5, 6, 7, 8, 9, 10, 11
         from cpu registers: 0, 1, 2, 3, 4, 5, 6, 7, 8, 9, 10, 11
         fallback: 0, 1, 2, 3, 4, 5, 6, 7, 8, 9, 10, 11
         combined: 0, 1, 2, 3, 4, 5, 6, 7, 8, 9, 10, 11
         max id per cpu: 32
         SMT mask: 1
         Core mask: 1e
         Package mask: ffffffe0
         set results:
           - packages: 1
           - cores: 6
           - smts: 2
         generate core map, new implementation
         0, 1, 2, 3, 4, 5, 6, 7, 8, 9, 10, 11
         packages: 1
         cores   : 6
         ht units: 2
          - pinning rule in use   : PINNING_RULE_MCALC_SKIP_ALL
          - desired group         : 0
          - num cores available   : 12
          - active core list from affinity:
            + num accessible procs          : 12
            + num logical procs             : 12
            + current affinity (env)        : 0,1,2,3,4,5,6,7,8,9,10,11
            + sockets ids in                : 0
            + core list                  (1): 0,1,2,3,4,5,6,7,8,9,10,11
          - active cores          : 0,1,2,3,4,5,6,7,8,9,10,11
          - hyperthreading        : on
          - skip pinning: + allowed number of sockets = available number of sockets
                          + hyperthreading allowed by solver
         =================================================================================

1xN008:  ================================================================================
         Version: 2024.1 Release from 2023-10-16 (change 1181985) [Release]
         Workflow: PBA matrix coefficients
         Operation: [fpba, meshfill, bg, port-path, tst, tst-nextgen, coeff, surface-imp]
         Architecture: Windows, ID: AMD64
         System Windows-64bit
         Using processor group 0/1
         Matrix calculation information:
         # of Nodes: 24
         Concurrency: 10
         Start ID: 5
         Node ID: 8
         HEX Mesh information:
         Hex mesh: node: [hxr o(181 | 50 | 0) s(96 | 53 | 24) np (no TSTs): 122112]
         Hex mesh: extended: [hxr o(179 | 48 | 0) s(98 | 57 | 24) np (no TSTs): 134064]
         ================================================================================

1xN008:  -----------------------------------------------------
         Memory status on node "1xN008" for matrix calculation
         	Estimated memory consumption: 0.245943 GB
         	Physical memory installed: 34.2101 GB
         	Available physical memory: 21.3693 GB
         	Available relative memory: 62.465 %
         -----------------------------------------------------

1xN008:  >>>>>>>>>>>>>>>>>>>>>>>>>>>>>>>>>>>>>>>>>>>>>>>>>
         Sat Sat Apr 26 04:12:47 2025
         started: calculating matrix coefficients per node
         >>>>>>>>>>>>>>>>>>>>>>>>>>>>>>>>>>>>>>>>>>>>>>>>>

1xN008:  ============================================================
         Matrix computation (PBA)
         	[Perfect Boundary Approximation (PBA), version: default]
         	[GPU acceleration: off (by user)]
         Version: 2024.1 Release from 2023-10-16 (change 1181985)
         PBA version 2023101624
         Sub-Workflow: FARM-1xN-TST2-Node
         Workflow updated: -
         Sat Sat Apr 26 04:12:47 2025
         ============================================================

1xN008:  ---------------------------------------------
         Used point accuracy enhancement value: 0.00%.
         ---------------------------------------------

1xN008:  -------------------------------------------------
         Geometry representation: compact
         Shared memory: none
         FARM allocation scheme: PA
         Parallelization: on, used

1xN008:  Gap-Detection activated for FARM-topology. Gaps are resolved, even partially.: gap tolerance value is 0.001000 and mesh geometry scale is 0.001000
1xN008:
1xN008:



1xN008:  ----------------------
         Acceleration mode: CPU
         ----------------------

1xN008:  Port homogenization method: M2H point index deviation
1xN008:  cccccccccccccccccccccccccccccccccccccccccccccccccccccccccccccccccccccc
         FARM/Meshfill cache is set to 8 (local FI domains: 12, dynamic: false)
         cccccccccccccccccccccccccccccccccccccccccccccccccccccccccccccccccccccc

1xN008:  =============================================================
         Hex cell analyzer settings:
         	max number of E fields per mesh edge: 2
         	max number of H fields per mesh face: 4
         	supporting dual grid: false
         	performance improvement: ROI limit: true
         	performance improvement: ROI threshold: 2
         	performance improvement: single topology extraction: true
         	performance improvement: pre-categorize cell volume: true
         	periodic align: 0
         	periodic cells: true
         	homogenization version: pid
         =============================================================

1xN008:  ---------------------
         TST Statistics:
         E Split (2 | 0 | 0)
         E Adapt (56 | 58 | 0)
         B Split (0 | 0 | 58)
         B Adapt (0 | 2 | 1)
         ---------------------

1xN008:  ssssssssssssssssssssssssssssssssssssssssss
         # of curls with SI accuracy enhancement: 0
         ssssssssssssssssssssssssssssssssssssssssss

1xN008:  ------------------------------------------------------------------------------
         PBA fill limit is applied in inverse mode.
         PBA fill limit is applied on faces filled with at least 85.00% metal material.
         --------------------------------------------------------------
         detailed accuracy settings:
         --------------------------------------------------------------
         augmented fill limit:       true
         augmented fill limit value: 85.00
         automatic fill limit:       true
         early fill limit:           true
         inverse fill limit:         true
         model complexity:           0.00
         legacy 2015:                false
         fixed point accuracy:       false
         minimum point accuracy:     0
         mesh step inheritance:      false
         accuracy mode:
         ------------------------------------------------------------------------------

1xN008:  =================================
         Finished matrix computation (PBA)
         =================================

1xN008:  <<<<<<<<<<<<<<<<<<<<<<<<<<<<<<<<<<<<<<<<<<<<<<<<<<<<<<<<<<<<
         Sat Sat Apr 26 04:13:10 2025
         Resource usage for calculating matrix coefficients per node:
         	Runtime                          00:00:22.00921
         	Peak Memory Estimation:                  246 MB
         	Peak Memory Usage:                       246 MB
         <<<<<<<<<<<<<<<<<<<<<<<<<<<<<<<<<<<<<<<<<<<<<<<<<<<<<<<<<<<<



1xN009:  ==================================================
         [Boundaries] - MCalc
         mpi, mpi, mpi, mpi, open-add-space, open-add-space
         ==================================================

1xN009:  ========================================
         [Mesh] Matrix calculation - NO ACIS mode
         [Mesh] 1xN MPI or parallelization mode
         ========================================

1xN009:  ===============================
         [Mesh] Expansion: -2 2 -2 2 0 0
         ===============================

1xN009:  ==================================================
         [Mesh] world: o(0000,0000,0000) e(0277,0408,0024)
         [Mesh] l-1xN: o(0135,0101,0000) e(0183,0204,0024)
         [Mesh] e-1xN: o(0133,0099,0000) e(0185,0206,0024)
         [Mesh] g-MPI: not available
         [Mesh] bound offset: (-2 | 2 | -2)
         ==================================================

1xN009:  =================================================================================
          - hardware info
            + cpu name                    : 12th Gen Intel(R) Core(TM) i5-12400F
            + sockets                     : 1
            + cores per socket            : 6
            + hyperthreading              : on
            + ht-units                    : 2
            + max cpuid level             : 32
            + max cpuid ext. level        : 8
            + numa nodes                  : 1
            + internal cpu info           : CPUID: selected engine is 'Leaf 0xB detection'
         apic ids           : 0, 1, 2, 3, 4, 5, 6, 7, 8, 9, 10, 11
         apic ids (fallback): 0, 1, 2, 3, 4, 5, 6, 7, 8, 9, 10, 11
         from cpu registers: 0, 1, 2, 3, 4, 5, 6, 7, 8, 9, 10, 11
         fallback: 0, 1, 2, 3, 4, 5, 6, 7, 8, 9, 10, 11
         combined: 0, 1, 2, 3, 4, 5, 6, 7, 8, 9, 10, 11
         max id per cpu: 32
         SMT mask: 1
         Core mask: 1e
         Package mask: ffffffe0
         set results:
           - packages: 1
           - cores: 6
           - smts: 2
         generate core map, new implementation
         0, 1, 2, 3, 4, 5, 6, 7, 8, 9, 10, 11
         packages: 1
         cores   : 6
         ht units: 2
          - pinning rule in use   : PINNING_RULE_MCALC_SKIP_ALL
          - desired group         : 0
          - num cores available   : 12
          - active core list from affinity:
            + num accessible procs          : 12
            + num logical procs             : 12
            + current affinity (env)        : 0,1,2,3,4,5,6,7,8,9,10,11
            + sockets ids in                : 0
            + core list                  (1): 0,1,2,3,4,5,6,7,8,9,10,11
          - active cores          : 0,1,2,3,4,5,6,7,8,9,10,11
          - hyperthreading        : on
          - skip pinning: + allowed number of sockets = available number of sockets
                          + hyperthreading allowed by solver
         =================================================================================

1xN009:  ================================================================================
         Version: 2024.1 Release from 2023-10-16 (change 1181985) [Release]
         Workflow: PBA matrix coefficients
         Operation: [fpba, meshfill, bg, port-path, tst, tst-nextgen, coeff, surface-imp]
         Architecture: Windows, ID: AMD64
         System Windows-64bit
         Using processor group 0/1
         Matrix calculation information:
         # of Nodes: 24
         Concurrency: 10
         Start ID: 0
         Node ID: 9
         HEX Mesh information:
         Hex mesh: node: [hxr o(135 | 101 | 0) s(48 | 103 | 24) np (no TSTs): 118656]
         Hex mesh: extended: [hxr o(133 | 99 | 0) s(52 | 107 | 24) np (no TSTs): 133536]
         ================================================================================

1xN009:  -----------------------------------------------------
         Memory status on node "1xN009" for matrix calculation
         	Estimated memory consumption: 0.343618 GB
         	Physical memory installed: 34.2101 GB
         	Available physical memory: 21.4018 GB
         	Available relative memory: 62.5599 %
         -----------------------------------------------------

1xN009:  >>>>>>>>>>>>>>>>>>>>>>>>>>>>>>>>>>>>>>>>>>>>>>>>>
         Sat Sat Apr 26 04:12:47 2025
         started: calculating matrix coefficients per node
         >>>>>>>>>>>>>>>>>>>>>>>>>>>>>>>>>>>>>>>>>>>>>>>>>

1xN009:  ============================================================
         Matrix computation (PBA)
         	[Perfect Boundary Approximation (PBA), version: default]
         	[GPU acceleration: off (by user)]
         Version: 2024.1 Release from 2023-10-16 (change 1181985)
         PBA version 2023101624
         Sub-Workflow: FARM-1xN-TST2-Node
         Workflow updated: -
         Sat Sat Apr 26 04:12:47 2025
         ============================================================

1xN009:  ---------------------------------------------
         Used point accuracy enhancement value: 0.00%.
         ---------------------------------------------

1xN009:  -------------------------------------------------
         Geometry representation: compact
         Shared memory: none
         FARM allocation scheme: PA
         Parallelization: on, used

1xN009:  Gap-Detection activated for FARM-topology. Gaps are resolved, even partially.: gap tolerance value is 0.001000 and mesh geometry scale is 0.001000
1xN009:
1xN009:



1xN009:  ----------------------
         Acceleration mode: CPU
         ----------------------

1xN009:  Port homogenization method: M2H point index deviation
1xN009:  cccccccccccccccccccccccccccccccccccccccccccccccccccccccccccccccccccccc
         FARM/Meshfill cache is set to 8 (local FI domains: 15, dynamic: false)
         cccccccccccccccccccccccccccccccccccccccccccccccccccccccccccccccccccccc

1xN009:  =============================================================
         Hex cell analyzer settings:
         	max number of E fields per mesh edge: 2
         	max number of H fields per mesh face: 4
         	supporting dual grid: false
         	performance improvement: ROI limit: true
         	performance improvement: ROI threshold: 2
         	performance improvement: single topology extraction: true
         	performance improvement: pre-categorize cell volume: true
         	periodic align: 0
         	periodic cells: true
         	homogenization version: pid
         =============================================================

1xN009:  -----------------------
         TST Statistics:
         E Split (24 | 8 | 0)
         E Adapt (119 | 136 | 6)
         B Split (6 | 0 | 144)
         B Adapt (4 | 24 | 3)
         -----------------------

1xN009:  ssssssssssssssssssssssssssssssssssssssssss
         # of curls with SI accuracy enhancement: 0
         ssssssssssssssssssssssssssssssssssssssssss

1xN009:  ------------------------------------------------------------------------------
         PBA fill limit is applied in inverse mode.
         PBA fill limit is applied on faces filled with at least 85.00% metal material.
         --------------------------------------------------------------
         detailed accuracy settings:
         --------------------------------------------------------------
         augmented fill limit:       true
         augmented fill limit value: 85.00
         automatic fill limit:       true
         early fill limit:           true
         inverse fill limit:         true
         model complexity:           0.00
         legacy 2015:                false
         fixed point accuracy:       false
         minimum point accuracy:     0
         mesh step inheritance:      false
         accuracy mode:
         ------------------------------------------------------------------------------

1xN009:  lumped face element "EFR32(PCB1):C2" is connected to metal material.
1xN009:  lumped face element "EFR32(PCB1):C3" is connected to metal material.
1xN009:  lumped face element "EFR32(PCB1):C4" is connected to metal material.
1xN009:  lumped face element "EFR32(PCB1):C6" is connected to metal material.
1xN009:  -------------------------------------------------------------------
         The following lumped face elements are connected to metal material:
         	EFR32(PCB1):C2, EFR32(PCB1):C3, EFR32(PCB1):C4, EFR32(PCB1):C6
         -------------------------------------------------------------------

1xN009:  =================================
         Finished matrix computation (PBA)
         =================================

1xN009:  <<<<<<<<<<<<<<<<<<<<<<<<<<<<<<<<<<<<<<<<<<<<<<<<<<<<<<<<<<<<
         Sat Sat Apr 26 04:13:13 2025
         Resource usage for calculating matrix coefficients per node:
         	Runtime                          00:00:25.00809
         	Peak Memory Estimation:                  344 MB
         	Peak Memory Usage:                       271 MB
         <<<<<<<<<<<<<<<<<<<<<<<<<<<<<<<<<<<<<<<<<<<<<<<<<<<<<<<<<<<<



1xN010:  =============================================================
         [Boundaries] - MCalc
         mpi, open-add-space, mpi, mpi, open-add-space, open-add-space
         =============================================================

1xN010:  ========================================
         [Mesh] Matrix calculation - NO ACIS mode
         [Mesh] 1xN MPI or parallelization mode
         ========================================

1xN010:  ===============================
         [Mesh] Expansion: -2 0 -2 2 0 0
         ===============================

1xN010:  ==================================================
         [Mesh] world: o(0000,0000,0000) e(0277,0408,0024)
         [Mesh] l-1xN: o(0181,0101,0000) e(0277,0153,0024)
         [Mesh] e-1xN: o(0179,0099,0000) e(0277,0155,0024)
         [Mesh] g-MPI: not available
         [Mesh] bound offset: (-2 | 0 | -2)
         ==================================================

1xN010:  =================================================================================
          - hardware info
            + cpu name                    : 12th Gen Intel(R) Core(TM) i5-12400F
            + sockets                     : 1
            + cores per socket            : 6
            + hyperthreading              : on
            + ht-units                    : 2
            + max cpuid level             : 32
            + max cpuid ext. level        : 8
            + numa nodes                  : 1
            + internal cpu info           : CPUID: selected engine is 'Leaf 0xB detection'
         apic ids           : 0, 1, 2, 3, 4, 5, 6, 7, 8, 9, 10, 11
         apic ids (fallback): 0, 1, 2, 3, 4, 5, 6, 7, 8, 9, 10, 11
         from cpu registers: 0, 1, 2, 3, 4, 5, 6, 7, 8, 9, 10, 11
         fallback: 0, 1, 2, 3, 4, 5, 6, 7, 8, 9, 10, 11
         combined: 0, 1, 2, 3, 4, 5, 6, 7, 8, 9, 10, 11
         max id per cpu: 32
         SMT mask: 1
         Core mask: 1e
         Package mask: ffffffe0
         set results:
           - packages: 1
           - cores: 6
           - smts: 2
         generate core map, new implementation
         0, 1, 2, 3, 4, 5, 6, 7, 8, 9, 10, 11
         packages: 1
         cores   : 6
         ht units: 2
          - pinning rule in use   : PINNING_RULE_MCALC_SKIP_ALL
          - desired group         : 0
          - num cores available   : 12
          - active core list from affinity:
            + num accessible procs          : 12
            + num logical procs             : 12
            + current affinity (env)        : 0,1,2,3,4,5,6,7,8,9,10,11
            + sockets ids in                : 0
            + core list                  (1): 0,1,2,3,4,5,6,7,8,9,10,11
          - active cores          : 0,1,2,3,4,5,6,7,8,9,10,11
          - hyperthreading        : on
          - skip pinning: + allowed number of sockets = available number of sockets
                          + hyperthreading allowed by solver
         =================================================================================

1xN010:  ================================================================================
         Version: 2024.1 Release from 2023-10-16 (change 1181985) [Release]
         Workflow: PBA matrix coefficients
         Operation: [fpba, meshfill, bg, port-path, tst, tst-nextgen, coeff, surface-imp]
         Architecture: Windows, ID: AMD64
         System Windows-64bit
         Using processor group 0/1
         Matrix calculation information:
         # of Nodes: 24
         Concurrency: 10
         Start ID: 7
         Node ID: 10
         HEX Mesh information:
         Hex mesh: node: [hxr o(181 | 101 | 0) s(96 | 52 | 24) np (no TSTs): 119808]
         Hex mesh: extended: [hxr o(179 | 99 | 0) s(98 | 56 | 24) np (no TSTs): 131712]
         ================================================================================

1xN010:  -----------------------------------------------------
         Memory status on node "1xN010" for matrix calculation
         	Estimated memory consumption: 0.241583 GB
         	Physical memory installed: 34.2101 GB
         	Available physical memory: 21.3514 GB
         	Available relative memory: 62.4125 %
         -----------------------------------------------------

1xN010:  >>>>>>>>>>>>>>>>>>>>>>>>>>>>>>>>>>>>>>>>>>>>>>>>>
         Sat Sat Apr 26 04:12:47 2025
         started: calculating matrix coefficients per node
         >>>>>>>>>>>>>>>>>>>>>>>>>>>>>>>>>>>>>>>>>>>>>>>>>

1xN010:  ============================================================
         Matrix computation (PBA)
         	[Perfect Boundary Approximation (PBA), version: default]
         	[GPU acceleration: off (by user)]
         Version: 2024.1 Release from 2023-10-16 (change 1181985)
         PBA version 2023101624
         Sub-Workflow: FARM-1xN-TST2-Node
         Workflow updated: -
         Sat Sat Apr 26 04:12:47 2025
         ============================================================

1xN010:  ---------------------------------------------
         Used point accuracy enhancement value: 0.00%.
         ---------------------------------------------

1xN010:  -------------------------------------------------
         Geometry representation: compact
         Shared memory: none
         FARM allocation scheme: PA
         Parallelization: on, used

1xN010:  Gap-Detection activated for FARM-topology. Gaps are resolved, even partially.: gap tolerance value is 0.001000 and mesh geometry scale is 0.001000
1xN010:
1xN010:



1xN010:  ----------------------
         Acceleration mode: CPU
         ----------------------

1xN010:  Port homogenization method: M2H point index deviation
1xN010:  cccccccccccccccccccccccccccccccccccccccccccccccccccccccccccccccccccccc
         FARM/Meshfill cache is set to 8 (local FI domains: 12, dynamic: false)
         cccccccccccccccccccccccccccccccccccccccccccccccccccccccccccccccccccccc

1xN010:  =============================================================
         Hex cell analyzer settings:
         	max number of E fields per mesh edge: 2
         	max number of H fields per mesh face: 4
         	supporting dual grid: false
         	performance improvement: ROI limit: true
         	performance improvement: ROI threshold: 2
         	performance improvement: single topology extraction: true
         	performance improvement: pre-categorize cell volume: true
         	periodic align: 0
         	periodic cells: true
         	homogenization version: pid
         =============================================================

1xN010:  -----------------------
         TST Statistics:
         E Split (6 | 4 | 0)
         E Adapt (112 | 114 | 0)
         B Split (0 | 0 | 118)
         B Adapt (4 | 6 | 3)
         -----------------------

1xN010:  ssssssssssssssssssssssssssssssssssssssssss
         # of curls with SI accuracy enhancement: 0
         ssssssssssssssssssssssssssssssssssssssssss

1xN010:  ------------------------------------------------------------------------------
         PBA fill limit is applied in inverse mode.
         PBA fill limit is applied on faces filled with at least 85.00% metal material.
         --------------------------------------------------------------
         detailed accuracy settings:
         --------------------------------------------------------------
         augmented fill limit:       true
         augmented fill limit value: 85.00
         automatic fill limit:       true
         early fill limit:           true
         inverse fill limit:         true
         model complexity:           0.00
         legacy 2015:                false
         fixed point accuracy:       false
         minimum point accuracy:     0
         mesh step inheritance:      false
         accuracy mode:
         ------------------------------------------------------------------------------

1xN010:  lumped face element "EFR32(PCB1):R12" is connected to metal material.
1xN010:  -----------------------------------------------------------------
         The following lumped face element is connected to metal material:
         	EFR32(PCB1):R12
         -----------------------------------------------------------------

1xN010:  =================================
         Finished matrix computation (PBA)
         =================================

1xN010:  <<<<<<<<<<<<<<<<<<<<<<<<<<<<<<<<<<<<<<<<<<<<<<<<<<<<<<<<<<<<
         Sat Sat Apr 26 04:13:10 2025
         Resource usage for calculating matrix coefficients per node:
         	Runtime                          00:00:22.00775
         	Peak Memory Estimation:                  242 MB
         	Peak Memory Usage:                       242 MB
         <<<<<<<<<<<<<<<<<<<<<<<<<<<<<<<<<<<<<<<<<<<<<<<<<<<<<<<<<<<<



1xN011:  =============================================================
         [Boundaries] - MCalc
         mpi, open-add-space, mpi, mpi, open-add-space, open-add-space
         =============================================================

1xN011:  ========================================
         [Mesh] Matrix calculation - NO ACIS mode
         [Mesh] 1xN MPI or parallelization mode
         ========================================

1xN011:  ===============================
         [Mesh] Expansion: -2 0 -2 2 0 0
         ===============================

1xN011:  ==================================================
         [Mesh] world: o(0000,0000,0000) e(0277,0408,0024)
         [Mesh] l-1xN: o(0181,0151,0000) e(0277,0204,0024)
         [Mesh] e-1xN: o(0179,0149,0000) e(0277,0206,0024)
         [Mesh] g-MPI: not available
         [Mesh] bound offset: (-2 | 0 | -2)
         ==================================================

1xN011:  =================================================================================
          - hardware info
            + cpu name                    : 12th Gen Intel(R) Core(TM) i5-12400F
            + sockets                     : 1
            + cores per socket            : 6
            + hyperthreading              : on
            + ht-units                    : 2
            + max cpuid level             : 32
            + max cpuid ext. level        : 8
            + numa nodes                  : 1
            + internal cpu info           : CPUID: selected engine is 'Leaf 0xB detection'
         apic ids           : 0, 1, 2, 3, 4, 5, 6, 7, 8, 9, 10, 11
         apic ids (fallback): 0, 1, 2, 3, 4, 5, 6, 7, 8, 9, 10, 11
         from cpu registers: 0, 1, 2, 3, 4, 5, 6, 7, 8, 9, 10, 11
         fallback: 0, 1, 2, 3, 4, 5, 6, 7, 8, 9, 10, 11
         combined: 0, 1, 2, 3, 4, 5, 6, 7, 8, 9, 10, 11
         max id per cpu: 32
         SMT mask: 1
         Core mask: 1e
         Package mask: ffffffe0
         set results:
           - packages: 1
           - cores: 6
           - smts: 2
         generate core map, new implementation
         0, 1, 2, 3, 4, 5, 6, 7, 8, 9, 10, 11
         packages: 1
         cores   : 6
         ht units: 2
          - pinning rule in use   : PINNING_RULE_MCALC_SKIP_ALL
          - desired group         : 0
          - num cores available   : 12
          - active core list from affinity:
            + num accessible procs          : 12
            + num logical procs             : 12
            + current affinity (env)        : 0,1,2,3,4,5,6,7,8,9,10,11
            + sockets ids in                : 0
            + core list                  (1): 0,1,2,3,4,5,6,7,8,9,10,11
          - active cores          : 0,1,2,3,4,5,6,7,8,9,10,11
          - hyperthreading        : on
          - skip pinning: + allowed number of sockets = available number of sockets
                          + hyperthreading allowed by solver
         =================================================================================

1xN011:  ================================================================================
         Version: 2024.1 Release from 2023-10-16 (change 1181985) [Release]
         Workflow: PBA matrix coefficients
         Operation: [fpba, meshfill, bg, port-path, tst, tst-nextgen, coeff, surface-imp]
         Architecture: Windows, ID: AMD64
         System Windows-64bit
         Using processor group 0/1
         Matrix calculation information:
         # of Nodes: 24
         Concurrency: 10
         Start ID: 11
         Node ID: 11
         HEX Mesh information:
         Hex mesh: node: [hxr o(181 | 151 | 0) s(96 | 53 | 24) np (no TSTs): 122112]
         Hex mesh: extended: [hxr o(179 | 149 | 0) s(98 | 57 | 24) np (no TSTs): 134064]
         ================================================================================

1xN011:  -----------------------------------------------------
         Memory status on node "1xN011" for matrix calculation
         	Estimated memory consumption: 0.240944 GB
         	Physical memory installed: 34.2101 GB
         	Available physical memory: 19.4467 GB
         	Available relative memory: 56.8448 %
         -----------------------------------------------------

1xN011:  >>>>>>>>>>>>>>>>>>>>>>>>>>>>>>>>>>>>>>>>>>>>>>>>>
         Sat Sat Apr 26 04:13:09 2025
         started: calculating matrix coefficients per node
         >>>>>>>>>>>>>>>>>>>>>>>>>>>>>>>>>>>>>>>>>>>>>>>>>

1xN011:  ============================================================
         Matrix computation (PBA)
         	[Perfect Boundary Approximation (PBA), version: default]
         	[GPU acceleration: off (by user)]
         Version: 2024.1 Release from 2023-10-16 (change 1181985)
         PBA version 2023101624
         Sub-Workflow: FARM-1xN-TST2-Node
         Workflow updated: -
         Sat Sat Apr 26 04:13:09 2025
         ============================================================

1xN011:  ---------------------------------------------
         Used point accuracy enhancement value: 0.00%.
         ---------------------------------------------

1xN011:  -------------------------------------------------
         Geometry representation: compact
         Shared memory: none
         FARM allocation scheme: PA
         Parallelization: on, used

1xN011:  Gap-Detection activated for FARM-topology. Gaps are resolved, even partially.: gap tolerance value is 0.001000 and mesh geometry scale is 0.001000
1xN011:
1xN011:



1xN011:  ----------------------
         Acceleration mode: CPU
         ----------------------

1xN011:  Port homogenization method: M2H point index deviation
1xN011:  cccccccccccccccccccccccccccccccccccccccccccccccccccccccccccccccccccccc
         FARM/Meshfill cache is set to 8 (local FI domains: 12, dynamic: false)
         cccccccccccccccccccccccccccccccccccccccccccccccccccccccccccccccccccccc

1xN011:  =============================================================
         Hex cell analyzer settings:
         	max number of E fields per mesh edge: 2
         	max number of H fields per mesh face: 4
         	supporting dual grid: false
         	performance improvement: ROI limit: true
         	performance improvement: ROI threshold: 2
         	performance improvement: single topology extraction: true
         	performance improvement: pre-categorize cell volume: true
         	periodic align: 0
         	periodic cells: true
         	homogenization version: pid
         =============================================================

1xN011:  -----------------------
         TST Statistics:
         E Split (26 | 6 | 0)
         E Adapt (113 | 133 | 0)
         B Split (0 | 0 | 140)
         B Adapt (6 | 26 | 1)
         -----------------------

1xN011:  ssssssssssssssssssssssssssssssssssssssssss
         # of curls with SI accuracy enhancement: 0
         ssssssssssssssssssssssssssssssssssssssssss

1xN011:  ------------------------------------------------------------------------------
         PBA fill limit is applied in inverse mode.
         PBA fill limit is applied on faces filled with at least 85.00% metal material.
         --------------------------------------------------------------
         detailed accuracy settings:
         --------------------------------------------------------------
         augmented fill limit:       true
         augmented fill limit value: 85.00
         automatic fill limit:       true
         early fill limit:           true
         inverse fill limit:         true
         model complexity:           0.00
         legacy 2015:                false
         fixed point accuracy:       false
         minimum point accuracy:     0
         mesh step inheritance:      false
         accuracy mode:
         ------------------------------------------------------------------------------

1xN011:  =================================
         Finished matrix computation (PBA)
         =================================

1xN011:  <<<<<<<<<<<<<<<<<<<<<<<<<<<<<<<<<<<<<<<<<<<<<<<<<<<<<<<<<<<<
         Sat Sat Apr 26 04:13:31 2025
         Resource usage for calculating matrix coefficients per node:
         	Runtime                          00:00:22.00366
         	Peak Memory Estimation:                  241 MB
         	Peak Memory Usage:                       242 MB
         <<<<<<<<<<<<<<<<<<<<<<<<<<<<<<<<<<<<<<<<<<<<<<<<<<<<<<<<<<<<



1xN012:  =============================================================
         [Boundaries] - MCalc
         open-add-space, mpi, mpi, mpi, open-add-space, open-add-space
         =============================================================

1xN012:  ========================================
         [Mesh] Matrix calculation - NO ACIS mode
         [Mesh] 1xN MPI or parallelization mode
         ========================================

1xN012:  ==============================
         [Mesh] Expansion: 0 2 -2 2 0 0
         ==============================

1xN012:  ==================================================
         [Mesh] world: o(0000,0000,0000) e(0277,0408,0024)
         [Mesh] l-1xN: o(0000,0202,0000) e(0047,0306,0024)
         [Mesh] e-1xN: o(0000,0200,0000) e(0049,0308,0024)
         [Mesh] g-MPI: not available
         [Mesh] bound offset: (0 | 2 | -2)
         ==================================================

1xN012:  =================================================================================
          - hardware info
            + cpu name                    : 12th Gen Intel(R) Core(TM) i5-12400F
            + sockets                     : 1
            + cores per socket            : 6
            + hyperthreading              : on
            + ht-units                    : 2
            + max cpuid level             : 32
            + max cpuid ext. level        : 8
            + numa nodes                  : 1
            + internal cpu info           : CPUID: selected engine is 'Leaf 0xB detection'
         apic ids           : 0, 1, 2, 3, 4, 5, 6, 7, 8, 9, 10, 11
         apic ids (fallback): 0, 1, 2, 3, 4, 5, 6, 7, 8, 9, 10, 11
         from cpu registers: 0, 1, 2, 3, 4, 5, 6, 7, 8, 9, 10, 11
         fallback: 0, 1, 2, 3, 4, 5, 6, 7, 8, 9, 10, 11
         combined: 0, 1, 2, 3, 4, 5, 6, 7, 8, 9, 10, 11
         max id per cpu: 32
         SMT mask: 1
         Core mask: 1e
         Package mask: ffffffe0
         set results:
           - packages: 1
           - cores: 6
           - smts: 2
         generate core map, new implementation
         0, 1, 2, 3, 4, 5, 6, 7, 8, 9, 10, 11
         packages: 1
         cores   : 6
         ht units: 2
          - pinning rule in use   : PINNING_RULE_MCALC_SKIP_ALL
          - desired group         : 0
          - num cores available   : 12
          - active core list from affinity:
            + num accessible procs          : 12
            + num logical procs             : 12
            + current affinity (env)        : 0,1,2,3,4,5,6,7,8,9,10,11
            + sockets ids in                : 0
            + core list                  (1): 0,1,2,3,4,5,6,7,8,9,10,11
          - active cores          : 0,1,2,3,4,5,6,7,8,9,10,11
          - hyperthreading        : on
          - skip pinning: + allowed number of sockets = available number of sockets
                          + hyperthreading allowed by solver
         =================================================================================

1xN012:  ================================================================================
         Version: 2024.1 Release from 2023-10-16 (change 1181985) [Release]
         Workflow: PBA matrix coefficients
         Operation: [fpba, meshfill, bg, port-path, tst, tst-nextgen, coeff, surface-imp]
         Architecture: Windows, ID: AMD64
         System Windows-64bit
         Using processor group 0/1
         Matrix calculation information:
         # of Nodes: 24
         Concurrency: 10
         Start ID: 17
         Node ID: 12
         HEX Mesh information:
         Hex mesh: node: [hxr o(0 | 202 | 0) s(47 | 104 | 24) np (no TSTs): 117312]
         Hex mesh: extended: [hxr o(0 | 200 | 0) s(49 | 108 | 24) np (no TSTs): 127008]
         ================================================================================

1xN012:  -----------------------------------------------------
         Memory status on node "1xN012" for matrix calculation
         	Estimated memory consumption: 0.195913 GB
         	Physical memory installed: 34.2101 GB
         	Available physical memory: 20.4453 GB
         	Available relative memory: 59.7641 %
         -----------------------------------------------------

1xN012:  >>>>>>>>>>>>>>>>>>>>>>>>>>>>>>>>>>>>>>>>>>>>>>>>>
         Sat Sat Apr 26 04:13:13 2025
         started: calculating matrix coefficients per node
         >>>>>>>>>>>>>>>>>>>>>>>>>>>>>>>>>>>>>>>>>>>>>>>>>

1xN012:  ============================================================
         Matrix computation (PBA)
         	[Perfect Boundary Approximation (PBA), version: default]
         	[GPU acceleration: off (by user)]
         Version: 2024.1 Release from 2023-10-16 (change 1181985)
         PBA version 2023101624
         Sub-Workflow: FARM-1xN-TST2-Node
         Workflow updated: -
         Sat Sat Apr 26 04:13:13 2025
         ============================================================

1xN012:  ---------------------------------------------
         Used point accuracy enhancement value: 0.00%.
         ---------------------------------------------

1xN012:  -------------------------------------------------
         Geometry representation: compact
         Shared memory: none
         FARM allocation scheme: PA
         Parallelization: on, used

1xN012:  Gap-Detection activated for FARM-topology. Gaps are resolved, even partially.: gap tolerance value is 0.001000 and mesh geometry scale is 0.001000
1xN012:
1xN012:



1xN012:  ----------------------
         Acceleration mode: CPU
         ----------------------

1xN012:  Port homogenization method: M2H point index deviation
1xN012:  cccccccccccccccccccccccccccccccccccccccccccccccccccccccccccccccccccccc
         FARM/Meshfill cache is set to 8 (local FI domains: 10, dynamic: false)
         cccccccccccccccccccccccccccccccccccccccccccccccccccccccccccccccccccccc

1xN012:  =============================================================
         Hex cell analyzer settings:
         	max number of E fields per mesh edge: 2
         	max number of H fields per mesh face: 4
         	supporting dual grid: false
         	performance improvement: ROI limit: true
         	performance improvement: ROI threshold: 2
         	performance improvement: single topology extraction: true
         	performance improvement: pre-categorize cell volume: true
         	periodic align: 0
         	periodic cells: true
         	homogenization version: pid
         =============================================================

1xN012:  -----------------------
         TST Statistics:
         E Split (8 | 6 | 0)
         E Adapt (136 | 138 | 6)
         B Split (0 | 6 | 144)
         B Adapt (6 | 4 | 6)
         -----------------------

1xN012:  ssssssssssssssssssssssssssssssssssssssssss
         # of curls with SI accuracy enhancement: 0
         ssssssssssssssssssssssssssssssssssssssssss

1xN012:  ------------------------------------------------------------------------------
         PBA fill limit is applied in inverse mode.
         PBA fill limit is applied on faces filled with at least 85.00% metal material.
         --------------------------------------------------------------
         detailed accuracy settings:
         --------------------------------------------------------------
         augmented fill limit:       true
         augmented fill limit value: 85.00
         automatic fill limit:       true
         early fill limit:           true
         inverse fill limit:         true
         model complexity:           0.00
         legacy 2015:                false
         fixed point accuracy:       false
         minimum point accuracy:     0
         mesh step inheritance:      false
         accuracy mode:
         ------------------------------------------------------------------------------

1xN012:  =================================
         Finished matrix computation (PBA)
         =================================

1xN012:  <<<<<<<<<<<<<<<<<<<<<<<<<<<<<<<<<<<<<<<<<<<<<<<<<<<<<<<<<<<<
         Sat Sat Apr 26 04:13:32 2025
         Resource usage for calculating matrix coefficients per node:
         	Runtime                          00:00:19.00009
         	Peak Memory Estimation:                  196 MB
         	Peak Memory Usage:                       207 MB
         <<<<<<<<<<<<<<<<<<<<<<<<<<<<<<<<<<<<<<<<<<<<<<<<<<<<<<<<<<<<



1xN013:  ==================================================
         [Boundaries] - MCalc
         mpi, mpi, mpi, mpi, open-add-space, open-add-space
         ==================================================

1xN013:  ========================================
         [Mesh] Matrix calculation - NO ACIS mode
         [Mesh] 1xN MPI or parallelization mode
         ========================================

1xN013:  ===============================
         [Mesh] Expansion: -2 2 -2 2 0 0
         ===============================

1xN013:  ==================================================
         [Mesh] world: o(0000,0000,0000) e(0277,0408,0024)
         [Mesh] l-1xN: o(0045,0202,0000) e(0140,0255,0024)
         [Mesh] e-1xN: o(0043,0200,0000) e(0142,0257,0024)
         [Mesh] g-MPI: not available
         [Mesh] bound offset: (-2 | 2 | -2)
         ==================================================

1xN013:  =================================================================================
          - hardware info
            + cpu name                    : 12th Gen Intel(R) Core(TM) i5-12400F
            + sockets                     : 1
            + cores per socket            : 6
            + hyperthreading              : on
            + ht-units                    : 2
            + max cpuid level             : 32
            + max cpuid ext. level        : 8
            + numa nodes                  : 1
            + internal cpu info           : CPUID: selected engine is 'Leaf 0xB detection'
         apic ids           : 0, 1, 2, 3, 4, 5, 6, 7, 8, 9, 10, 11
         apic ids (fallback): 0, 1, 2, 3, 4, 5, 6, 7, 8, 9, 10, 11
         from cpu registers: 0, 1, 2, 3, 4, 5, 6, 7, 8, 9, 10, 11
         fallback: 0, 1, 2, 3, 4, 5, 6, 7, 8, 9, 10, 11
         combined: 0, 1, 2, 3, 4, 5, 6, 7, 8, 9, 10, 11
         max id per cpu: 32
         SMT mask: 1
         Core mask: 1e
         Package mask: ffffffe0
         set results:
           - packages: 1
           - cores: 6
           - smts: 2
         generate core map, new implementation
         0, 1, 2, 3, 4, 5, 6, 7, 8, 9, 10, 11
         packages: 1
         cores   : 6
         ht units: 2
          - pinning rule in use   : PINNING_RULE_MCALC_SKIP_ALL
          - desired group         : 0
          - num cores available   : 12
          - active core list from affinity:
            + num accessible procs          : 12
            + num logical procs             : 12
            + current affinity (env)        : 0,1,2,3,4,5,6,7,8,9,10,11
            + sockets ids in                : 0
            + core list                  (1): 0,1,2,3,4,5,6,7,8,9,10,11
          - active cores          : 0,1,2,3,4,5,6,7,8,9,10,11
          - hyperthreading        : on
          - skip pinning: + allowed number of sockets = available number of sockets
                          + hyperthreading allowed by solver
         =================================================================================

1xN013:  ================================================================================
         Version: 2024.1 Release from 2023-10-16 (change 1181985) [Release]
         Workflow: PBA matrix coefficients
         Operation: [fpba, meshfill, bg, port-path, tst, tst-nextgen, coeff, surface-imp]
         Architecture: Windows, ID: AMD64
         System Windows-64bit
         Using processor group 0/1
         Matrix calculation information:
         # of Nodes: 24
         Concurrency: 10
         Start ID: 4
         Node ID: 13
         HEX Mesh information:
         Hex mesh: node: [hxr o(45 | 202 | 0) s(95 | 53 | 24) np (no TSTs): 120840]
         Hex mesh: extended: [hxr o(43 | 200 | 0) s(99 | 57 | 24) np (no TSTs): 135432]
         ================================================================================

1xN013:  -----------------------------------------------------
         Memory status on node "1xN013" for matrix calculation
         	Estimated memory consumption: 0.3459 GB
         	Physical memory installed: 34.2101 GB
         	Available physical memory: 21.3668 GB
         	Available relative memory: 62.4577 %
         -----------------------------------------------------

1xN013:  >>>>>>>>>>>>>>>>>>>>>>>>>>>>>>>>>>>>>>>>>>>>>>>>>
         Sat Sat Apr 26 04:12:47 2025
         started: calculating matrix coefficients per node
         >>>>>>>>>>>>>>>>>>>>>>>>>>>>>>>>>>>>>>>>>>>>>>>>>

1xN013:  ============================================================
         Matrix computation (PBA)
         	[Perfect Boundary Approximation (PBA), version: default]
         	[GPU acceleration: off (by user)]
         Version: 2024.1 Release from 2023-10-16 (change 1181985)
         PBA version 2023101624
         Sub-Workflow: FARM-1xN-TST2-Node
         Workflow updated: -
         Sat Sat Apr 26 04:12:47 2025
         ============================================================

1xN013:  ---------------------------------------------
         Used point accuracy enhancement value: 0.00%.
         ---------------------------------------------

1xN013:  -------------------------------------------------
         Geometry representation: compact
         Shared memory: none
         FARM allocation scheme: PA
         Parallelization: on, used

1xN013:  Gap-Detection activated for FARM-topology. Gaps are resolved, even partially.: gap tolerance value is 0.001000 and mesh geometry scale is 0.001000
1xN013:
1xN013:



1xN013:  ----------------------
         Acceleration mode: CPU
         ----------------------

1xN013:  Port homogenization method: M2H point index deviation
1xN013:  cccccccccccccccccccccccccccccccccccccccccccccccccccccccccccccccccccccc
         FARM/Meshfill cache is set to 8 (local FI domains: 12, dynamic: false)
         cccccccccccccccccccccccccccccccccccccccccccccccccccccccccccccccccccccc

1xN013:  =============================================================
         Hex cell analyzer settings:
         	max number of E fields per mesh edge: 2
         	max number of H fields per mesh face: 4
         	supporting dual grid: false
         	performance improvement: ROI limit: true
         	performance improvement: ROI threshold: 2
         	performance improvement: single topology extraction: true
         	performance improvement: pre-categorize cell volume: true
         	periodic align: 0
         	periodic cells: true
         	homogenization version: pid
         =============================================================

1xN013:  ------------------------
         TST Statistics:
         E Split (28 | 170 | 0)
         E Adapt (573 | 433 | 18)
         B Split (0 | 18 | 604)
         B Adapt (170 | 16 | 14)
         ------------------------

1xN013:  ssssssssssssssssssssssssssssssssssssssssss
         # of curls with SI accuracy enhancement: 0
         ssssssssssssssssssssssssssssssssssssssssss

1xN013:  ------------------------------------------------------------------------------
         PBA fill limit is applied in inverse mode.
         PBA fill limit is applied on faces filled with at least 85.00% metal material.
         --------------------------------------------------------------
         detailed accuracy settings:
         --------------------------------------------------------------
         augmented fill limit:       true
         augmented fill limit value: 85.00
         automatic fill limit:       true
         early fill limit:           true
         inverse fill limit:         true
         model complexity:           0.00
         legacy 2015:                false
         fixed point accuracy:       false
         minimum point accuracy:     0
         mesh step inheritance:      false
         accuracy mode:
         ------------------------------------------------------------------------------

1xN013:  lumped face element "EFR32(PCB1):C10" is connected to metal material.
1xN013:  lumped face element "EFR32(PCB1):C5" is connected to metal material.
1xN013:  lumped face element "EFR32(PCB1):C7" is connected to metal material.
1xN013:  lumped face element "EFR32(PCB1):L2" is connected to metal material.
1xN013:  lumped face element "EFR32(PCB1):R1" is connected to metal material.
1xN013:  -----------------------------------------------------------------------------------
         The following lumped face elements are connected to metal material:
         	EFR32(PCB1):C5, EFR32(PCB1):C7, EFR32(PCB1):C10, EFR32(PCB1):L2, EFR32(PCB1):R1
         -----------------------------------------------------------------------------------

1xN013:  =================================
         Finished matrix computation (PBA)
         =================================

1xN013:  <<<<<<<<<<<<<<<<<<<<<<<<<<<<<<<<<<<<<<<<<<<<<<<<<<<<<<<<<<<<
         Sat Sat Apr 26 04:13:14 2025
         Resource usage for calculating matrix coefficients per node:
         	Runtime                          00:00:26.00810
         	Peak Memory Estimation:                  346 MB
         	Peak Memory Usage:                       276 MB
         <<<<<<<<<<<<<<<<<<<<<<<<<<<<<<<<<<<<<<<<<<<<<<<<<<<<<<<<<<<<



1xN014:  ==================================================
         [Boundaries] - MCalc
         mpi, mpi, mpi, mpi, open-add-space, open-add-space
         ==================================================

1xN014:  ========================================
         [Mesh] Matrix calculation - NO ACIS mode
         [Mesh] 1xN MPI or parallelization mode
         ========================================

1xN014:  ===============================
         [Mesh] Expansion: -2 2 -2 2 0 0
         ===============================

1xN014:  ==================================================
         [Mesh] world: o(0000,0000,0000) e(0277,0408,0024)
         [Mesh] l-1xN: o(0045,0253,0000) e(0140,0306,0024)
         [Mesh] e-1xN: o(0043,0251,0000) e(0142,0308,0024)
         [Mesh] g-MPI: not available
         [Mesh] bound offset: (-2 | 2 | -2)
         ==================================================

1xN014:  =================================================================================
          - hardware info
            + cpu name                    : 12th Gen Intel(R) Core(TM) i5-12400F
            + sockets                     : 1
            + cores per socket            : 6
            + hyperthreading              : on
            + ht-units                    : 2
            + max cpuid level             : 32
            + max cpuid ext. level        : 8
            + numa nodes                  : 1
            + internal cpu info           : CPUID: selected engine is 'Leaf 0xB detection'
         apic ids           : 0, 1, 2, 3, 4, 5, 6, 7, 8, 9, 10, 11
         apic ids (fallback): 0, 1, 2, 3, 4, 5, 6, 7, 8, 9, 10, 11
         from cpu registers: 0, 1, 2, 3, 4, 5, 6, 7, 8, 9, 10, 11
         fallback: 0, 1, 2, 3, 4, 5, 6, 7, 8, 9, 10, 11
         combined: 0, 1, 2, 3, 4, 5, 6, 7, 8, 9, 10, 11
         max id per cpu: 32
         SMT mask: 1
         Core mask: 1e
         Package mask: ffffffe0
         set results:
           - packages: 1
           - cores: 6
           - smts: 2
         generate core map, new implementation
         0, 1, 2, 3, 4, 5, 6, 7, 8, 9, 10, 11
         packages: 1
         cores   : 6
         ht units: 2
          - pinning rule in use   : PINNING_RULE_MCALC_SKIP_ALL
          - desired group         : 0
          - num cores available   : 12
          - active core list from affinity:
            + num accessible procs          : 12
            + num logical procs             : 12
            + current affinity (env)        : 0,1,2,3,4,5,6,7,8,9,10,11
            + sockets ids in                : 0
            + core list                  (1): 0,1,2,3,4,5,6,7,8,9,10,11
          - active cores          : 0,1,2,3,4,5,6,7,8,9,10,11
          - hyperthreading        : on
          - skip pinning: + allowed number of sockets = available number of sockets
                          + hyperthreading allowed by solver
         =================================================================================

1xN014:  ================================================================================
         Version: 2024.1 Release from 2023-10-16 (change 1181985) [Release]
         Workflow: PBA matrix coefficients
         Operation: [fpba, meshfill, bg, port-path, tst, tst-nextgen, coeff, surface-imp]
         Architecture: Windows, ID: AMD64
         System Windows-64bit
         Using processor group 0/1
         Matrix calculation information:
         # of Nodes: 24
         Concurrency: 10
         Start ID: 3
         Node ID: 14
         HEX Mesh information:
         Hex mesh: node: [hxr o(45 | 253 | 0) s(95 | 53 | 24) np (no TSTs): 120840]
         Hex mesh: extended: [hxr o(43 | 251 | 0) s(99 | 57 | 24) np (no TSTs): 135432]
         ================================================================================

1xN014:  -----------------------------------------------------
         Memory status on node "1xN014" for matrix calculation
         	Estimated memory consumption: 0.34135 GB
         	Physical memory installed: 34.2101 GB
         	Available physical memory: 21.3887 GB
         	Available relative memory: 62.5218 %
         -----------------------------------------------------

1xN014:  >>>>>>>>>>>>>>>>>>>>>>>>>>>>>>>>>>>>>>>>>>>>>>>>>
         Sat Sat Apr 26 04:12:47 2025
         started: calculating matrix coefficients per node
         >>>>>>>>>>>>>>>>>>>>>>>>>>>>>>>>>>>>>>>>>>>>>>>>>

1xN014:  ============================================================
         Matrix computation (PBA)
         	[Perfect Boundary Approximation (PBA), version: default]
         	[GPU acceleration: off (by user)]
         Version: 2024.1 Release from 2023-10-16 (change 1181985)
         PBA version 2023101624
         Sub-Workflow: FARM-1xN-TST2-Node
         Workflow updated: -
         Sat Sat Apr 26 04:12:47 2025
         ============================================================

1xN014:  ---------------------------------------------
         Used point accuracy enhancement value: 0.00%.
         ---------------------------------------------

1xN014:  -------------------------------------------------
         Geometry representation: compact
         Shared memory: none
         FARM allocation scheme: PA
         Parallelization: on, used

1xN014:  Gap-Detection activated for FARM-topology. Gaps are resolved, even partially.: gap tolerance value is 0.001000 and mesh geometry scale is 0.001000
1xN014:
1xN014:



1xN014:  ----------------------
         Acceleration mode: CPU
         ----------------------

1xN014:  Port homogenization method: M2H point index deviation
1xN014:  cccccccccccccccccccccccccccccccccccccccccccccccccccccccccccccccccccccc
         FARM/Meshfill cache is set to 8 (local FI domains: 12, dynamic: false)
         cccccccccccccccccccccccccccccccccccccccccccccccccccccccccccccccccccccc

1xN014:  =============================================================
         Hex cell analyzer settings:
         	max number of E fields per mesh edge: 2
         	max number of H fields per mesh face: 4
         	supporting dual grid: false
         	performance improvement: ROI limit: true
         	performance improvement: ROI threshold: 2
         	performance improvement: single topology extraction: true
         	performance improvement: pre-categorize cell volume: true
         	periodic align: 0
         	periodic cells: true
         	homogenization version: pid
         =============================================================

1xN014:  ---------------------
         TST Statistics:
         E Split (6 | 0 | 0)
         E Adapt (87 | 94 | 0)
         B Split (0 | 0 | 94)
         B Adapt (0 | 6 | 2)
         ---------------------

1xN014:  ssssssssssssssssssssssssssssssssssssssssss
         # of curls with SI accuracy enhancement: 0
         ssssssssssssssssssssssssssssssssssssssssss

1xN014:  ------------------------------------------------------------------------------
         PBA fill limit is applied in inverse mode.
         PBA fill limit is applied on faces filled with at least 85.00% metal material.
         --------------------------------------------------------------
         detailed accuracy settings:
         --------------------------------------------------------------
         augmented fill limit:       true
         augmented fill limit value: 85.00
         automatic fill limit:       true
         early fill limit:           true
         inverse fill limit:         true
         model complexity:           0.00
         legacy 2015:                false
         fixed point accuracy:       false
         minimum point accuracy:     0
         mesh step inheritance:      false
         accuracy mode:
         ------------------------------------------------------------------------------

1xN014:  lumped face element "EFR32(PCB1):C13" is connected to metal material.
1xN014:  lumped face element "EFR32(PCB1):C14" is connected to metal material.
1xN014:  -------------------------------------------------------------------
         The following lumped face elements are connected to metal material:
         	EFR32(PCB1):C13, EFR32(PCB1):C14
         -------------------------------------------------------------------

1xN014:  =================================
         Finished matrix computation (PBA)
         =================================

1xN014:  <<<<<<<<<<<<<<<<<<<<<<<<<<<<<<<<<<<<<<<<<<<<<<<<<<<<<<<<<<<<
         Sat Sat Apr 26 04:13:12 2025
         Resource usage for calculating matrix coefficients per node:
         	Runtime                          00:00:24.00919
         	Peak Memory Estimation:                  341 MB
         	Peak Memory Usage:                       253 MB
         <<<<<<<<<<<<<<<<<<<<<<<<<<<<<<<<<<<<<<<<<<<<<<<<<<<<<<<<<<<<



1xN015:  ========================================================================
         [Boundaries] - MCalc
         open-add-space, mpi, mpi, open-add-space, open-add-space, open-add-space
         ========================================================================

1xN015:  ========================================
         [Mesh] Matrix calculation - NO ACIS mode
         [Mesh] 1xN MPI or parallelization mode
         ========================================

1xN015:  ==============================
         [Mesh] Expansion: 0 2 -2 0 0 0
         ==============================

1xN015:  ==================================================
         [Mesh] world: o(0000,0000,0000) e(0277,0408,0024)
         [Mesh] l-1xN: o(0000,0304,0000) e(0047,0408,0024)
         [Mesh] e-1xN: o(0000,0302,0000) e(0049,0408,0024)
         [Mesh] g-MPI: not available
         [Mesh] bound offset: (0 | 2 | -2)
         ==================================================

1xN015:  =================================================================================
          - hardware info
            + cpu name                    : 12th Gen Intel(R) Core(TM) i5-12400F
            + sockets                     : 1
            + cores per socket            : 6
            + hyperthreading              : on
            + ht-units                    : 2
            + max cpuid level             : 32
            + max cpuid ext. level        : 8
            + numa nodes                  : 1
            + internal cpu info           : CPUID: selected engine is 'Leaf 0xB detection'
         apic ids           : 0, 1, 2, 3, 4, 5, 6, 7, 8, 9, 10, 11
         apic ids (fallback): 0, 1, 2, 3, 4, 5, 6, 7, 8, 9, 10, 11
         from cpu registers: 0, 1, 2, 3, 4, 5, 6, 7, 8, 9, 10, 11
         fallback: 0, 1, 2, 3, 4, 5, 6, 7, 8, 9, 10, 11
         combined: 0, 1, 2, 3, 4, 5, 6, 7, 8, 9, 10, 11
         max id per cpu: 32
         SMT mask: 1
         Core mask: 1e
         Package mask: ffffffe0
         set results:
           - packages: 1
           - cores: 6
           - smts: 2
         generate core map, new implementation
         0, 1, 2, 3, 4, 5, 6, 7, 8, 9, 10, 11
         packages: 1
         cores   : 6
         ht units: 2
          - pinning rule in use   : PINNING_RULE_MCALC_SKIP_ALL
          - desired group         : 0
          - num cores available   : 12
          - active core list from affinity:
            + num accessible procs          : 12
            + num logical procs             : 12
            + current affinity (env)        : 0,1,2,3,4,5,6,7,8,9,10,11
            + sockets ids in                : 0
            + core list                  (1): 0,1,2,3,4,5,6,7,8,9,10,11
          - active cores          : 0,1,2,3,4,5,6,7,8,9,10,11
          - hyperthreading        : on
          - skip pinning: + allowed number of sockets = available number of sockets
                          + hyperthreading allowed by solver
         =================================================================================

1xN015:  ================================================================================
         Version: 2024.1 Release from 2023-10-16 (change 1181985) [Release]
         Workflow: PBA matrix coefficients
         Operation: [fpba, meshfill, bg, port-path, tst, tst-nextgen, coeff, surface-imp]
         Architecture: Windows, ID: AMD64
         System Windows-64bit
         Using processor group 0/1
         Matrix calculation information:
         # of Nodes: 24
         Concurrency: 10
         Start ID: 21
         Node ID: 15
         HEX Mesh information:
         Hex mesh: node: [hxr o(0 | 304 | 0) s(47 | 104 | 24) np (no TSTs): 117312]
         Hex mesh: extended: [hxr o(0 | 302 | 0) s(49 | 106 | 24) np (no TSTs): 124656]
         ================================================================================

1xN015:  -----------------------------------------------------
         Memory status on node "1xN015" for matrix calculation
         	Estimated memory consumption: 0.138786 GB
         	Physical memory installed: 34.2101 GB
         	Available physical memory: 19.8225 GB
         	Available relative memory: 57.9435 %
         -----------------------------------------------------

1xN015:  >>>>>>>>>>>>>>>>>>>>>>>>>>>>>>>>>>>>>>>>>>>>>>>>>
         Sat Sat Apr 26 04:13:26 2025
         started: calculating matrix coefficients per node
         >>>>>>>>>>>>>>>>>>>>>>>>>>>>>>>>>>>>>>>>>>>>>>>>>

1xN015:  ============================================================
         Matrix computation (PBA)
         	[Perfect Boundary Approximation (PBA), version: default]
         	[GPU acceleration: off (by user)]
         Version: 2024.1 Release from 2023-10-16 (change 1181985)
         PBA version 2023101624
         Sub-Workflow: FARM-1xN-TST2-Node
         Workflow updated: -
         Sat Sat Apr 26 04:13:26 2025
         ============================================================

1xN015:  ---------------------------------------------
         Used point accuracy enhancement value: 0.00%.
         ---------------------------------------------

1xN015:  -------------------------------------------------
         Geometry representation: compact
         Shared memory: none
         FARM allocation scheme: PA
         Parallelization: on, used

1xN015:  Gap-Detection activated for FARM-topology. Gaps are resolved, even partially.: gap tolerance value is 0.001000 and mesh geometry scale is 0.001000
1xN015:
1xN015:



1xN015:  ----------------------
         Acceleration mode: CPU
         ----------------------

1xN015:  Port homogenization method: M2H point index deviation
1xN015:  ccccccccccccccccccccccccccccccccccccccccccccccccccccccccccccccccccccc
         FARM/Meshfill cache is set to 8 (local FI domains: 8, dynamic: false)
         ccccccccccccccccccccccccccccccccccccccccccccccccccccccccccccccccccccc

1xN015:  =============================================================
         Hex cell analyzer settings:
         	max number of E fields per mesh edge: 2
         	max number of H fields per mesh face: 4
         	supporting dual grid: false
         	performance improvement: ROI limit: true
         	performance improvement: ROI threshold: 2
         	performance improvement: single topology extraction: true
         	performance improvement: pre-categorize cell volume: true
         	periodic align: 0
         	periodic cells: true
         	homogenization version: pid
         =============================================================

1xN015:  -------------------
         TST Statistics:
         E Split (0 | 4 | 0)
         E Adapt (4 | 0 | 6)
         B Split (6 | 0 | 4)
         B Adapt (0 | 0 | 2)
         -------------------

1xN015:  ssssssssssssssssssssssssssssssssssssssssss
         # of curls with SI accuracy enhancement: 0
         ssssssssssssssssssssssssssssssssssssssssss

1xN015:  ------------------------------------------------------------------------------
         PBA fill limit is applied in inverse mode.
         PBA fill limit is applied on faces filled with at least 85.00% metal material.
         --------------------------------------------------------------
         detailed accuracy settings:
         --------------------------------------------------------------
         augmented fill limit:       true
         augmented fill limit value: 85.00
         automatic fill limit:       true
         early fill limit:           true
         inverse fill limit:         true
         model complexity:           0.00
         legacy 2015:                false
         fixed point accuracy:       false
         minimum point accuracy:     0
         mesh step inheritance:      false
         accuracy mode:
         ------------------------------------------------------------------------------

1xN015:  =================================
         Finished matrix computation (PBA)
         =================================

1xN015:  <<<<<<<<<<<<<<<<<<<<<<<<<<<<<<<<<<<<<<<<<<<<<<<<<<<<<<<<<<<<
         Sat Sat Apr 26 04:13:35 2025
         Resource usage for calculating matrix coefficients per node:
         	Runtime                          00:00:08.00998
         	Peak Memory Estimation:                  139 MB
         	Peak Memory Usage:                       146 MB
         <<<<<<<<<<<<<<<<<<<<<<<<<<<<<<<<<<<<<<<<<<<<<<<<<<<<<<<<<<<<



1xN016:  ==================================================
         [Boundaries] - MCalc
         mpi, mpi, mpi, mpi, open-add-space, open-add-space
         ==================================================

1xN016:  ========================================
         [Mesh] Matrix calculation - NO ACIS mode
         [Mesh] 1xN MPI or parallelization mode
         ========================================

1xN016:  ===============================
         [Mesh] Expansion: -2 2 -2 2 0 0
         ===============================

1xN016:  ==================================================
         [Mesh] world: o(0000,0000,0000) e(0277,0408,0024)
         [Mesh] l-1xN: o(0045,0304,0000) e(0140,0357,0024)
         [Mesh] e-1xN: o(0043,0302,0000) e(0142,0359,0024)
         [Mesh] g-MPI: not available
         [Mesh] bound offset: (-2 | 2 | -2)
         ==================================================

1xN016:  =================================================================================
          - hardware info
            + cpu name                    : 12th Gen Intel(R) Core(TM) i5-12400F
            + sockets                     : 1
            + cores per socket            : 6
            + hyperthreading              : on
            + ht-units                    : 2
            + max cpuid level             : 32
            + max cpuid ext. level        : 8
            + numa nodes                  : 1
            + internal cpu info           : CPUID: selected engine is 'Leaf 0xB detection'
         apic ids           : 0, 1, 2, 3, 4, 5, 6, 7, 8, 9, 10, 11
         apic ids (fallback): 0, 1, 2, 3, 4, 5, 6, 7, 8, 9, 10, 11
         from cpu registers: 0, 1, 2, 3, 4, 5, 6, 7, 8, 9, 10, 11
         fallback: 0, 1, 2, 3, 4, 5, 6, 7, 8, 9, 10, 11
         combined: 0, 1, 2, 3, 4, 5, 6, 7, 8, 9, 10, 11
         max id per cpu: 32
         SMT mask: 1
         Core mask: 1e
         Package mask: ffffffe0
         set results:
           - packages: 1
           - cores: 6
           - smts: 2
         generate core map, new implementation
         0, 1, 2, 3, 4, 5, 6, 7, 8, 9, 10, 11
         packages: 1
         cores   : 6
         ht units: 2
          - pinning rule in use   : PINNING_RULE_MCALC_SKIP_ALL
          - desired group         : 0
          - num cores available   : 12
          - active core list from affinity:
            + num accessible procs          : 12
            + num logical procs             : 12
            + current affinity (env)        : 0,1,2,3,4,5,6,7,8,9,10,11
            + sockets ids in                : 0
            + core list                  (1): 0,1,2,3,4,5,6,7,8,9,10,11
          - active cores          : 0,1,2,3,4,5,6,7,8,9,10,11
          - hyperthreading        : on
          - skip pinning: + allowed number of sockets = available number of sockets
                          + hyperthreading allowed by solver
         =================================================================================

1xN016:  ================================================================================
         Version: 2024.1 Release from 2023-10-16 (change 1181985) [Release]
         Workflow: PBA matrix coefficients
         Operation: [fpba, meshfill, bg, port-path, tst, tst-nextgen, coeff, surface-imp]
         Architecture: Windows, ID: AMD64
         System Windows-64bit
         Using processor group 0/1
         Matrix calculation information:
         # of Nodes: 24
         Concurrency: 10
         Start ID: 6
         Node ID: 16
         HEX Mesh information:
         Hex mesh: node: [hxr o(45 | 304 | 0) s(95 | 53 | 24) np (no TSTs): 120840]
         Hex mesh: extended: [hxr o(43 | 302 | 0) s(99 | 57 | 24) np (no TSTs): 135432]
         ================================================================================

1xN016:  -----------------------------------------------------
         Memory status on node "1xN016" for matrix calculation
         	Estimated memory consumption: 0.347046 GB
         	Physical memory installed: 34.2101 GB
         	Available physical memory: 21.3519 GB
         	Available relative memory: 62.4141 %
         -----------------------------------------------------

1xN016:  >>>>>>>>>>>>>>>>>>>>>>>>>>>>>>>>>>>>>>>>>>>>>>>>>
         Sat Sat Apr 26 04:12:47 2025
         started: calculating matrix coefficients per node
         >>>>>>>>>>>>>>>>>>>>>>>>>>>>>>>>>>>>>>>>>>>>>>>>>

1xN016:  ============================================================
         Matrix computation (PBA)
         	[Perfect Boundary Approximation (PBA), version: default]
         	[GPU acceleration: off (by user)]
         Version: 2024.1 Release from 2023-10-16 (change 1181985)
         PBA version 2023101624
         Sub-Workflow: FARM-1xN-TST2-Node
         Workflow updated: -
         Sat Sat Apr 26 04:12:47 2025
         ============================================================

1xN016:  ---------------------------------------------
         Used point accuracy enhancement value: 0.00%.
         ---------------------------------------------

1xN016:  -------------------------------------------------
         Geometry representation: compact
         Shared memory: none
         FARM allocation scheme: PA
         Parallelization: on, used

1xN016:  Gap-Detection activated for FARM-topology. Gaps are resolved, even partially.: gap tolerance value is 0.001000 and mesh geometry scale is 0.001000
1xN016:
1xN016:



1xN016:  ----------------------
         Acceleration mode: CPU
         ----------------------

1xN016:  Port homogenization method: M2H point index deviation
1xN016:  cccccccccccccccccccccccccccccccccccccccccccccccccccccccccccccccccccccc
         FARM/Meshfill cache is set to 8 (local FI domains: 12, dynamic: false)
         cccccccccccccccccccccccccccccccccccccccccccccccccccccccccccccccccccccc

1xN016:  =============================================================
         Hex cell analyzer settings:
         	max number of E fields per mesh edge: 2
         	max number of H fields per mesh face: 4
         	supporting dual grid: false
         	performance improvement: ROI limit: true
         	performance improvement: ROI threshold: 2
         	performance improvement: single topology extraction: true
         	performance improvement: pre-categorize cell volume: true
         	periodic align: 0
         	periodic cells: true
         	homogenization version: pid
         =============================================================

1xN016:  ---------------------
         TST Statistics:
         E Split (0 | 12 | 0)
         E Adapt (12 | 0 | 18)
         B Split (18 | 0 | 12)
         B Adapt (0 | 0 | 6)
         ---------------------

1xN016:  ssssssssssssssssssssssssssssssssssssssssss
         # of curls with SI accuracy enhancement: 0
         ssssssssssssssssssssssssssssssssssssssssss

1xN016:  ------------------------------------------------------------------------------
         PBA fill limit is applied in inverse mode.
         PBA fill limit is applied on faces filled with at least 85.00% metal material.
         --------------------------------------------------------------
         detailed accuracy settings:
         --------------------------------------------------------------
         augmented fill limit:       true
         augmented fill limit value: 85.00
         automatic fill limit:       true
         early fill limit:           true
         inverse fill limit:         true
         model complexity:           0.00
         legacy 2015:                false
         fixed point accuracy:       false
         minimum point accuracy:     0
         mesh step inheritance:      false
         accuracy mode:
         ------------------------------------------------------------------------------

1xN016:  =================================
         Finished matrix computation (PBA)
         =================================

1xN016:  <<<<<<<<<<<<<<<<<<<<<<<<<<<<<<<<<<<<<<<<<<<<<<<<<<<<<<<<<<<<
         Sat Sat Apr 26 04:13:05 2025
         Resource usage for calculating matrix coefficients per node:
         	Runtime                          00:00:17.00867
         	Peak Memory Estimation:                  347 MB
         	Peak Memory Usage:                       223 MB
         <<<<<<<<<<<<<<<<<<<<<<<<<<<<<<<<<<<<<<<<<<<<<<<<<<<<<<<<<<<<



1xN017:  =============================================================
         [Boundaries] - MCalc
         mpi, mpi, mpi, open-add-space, open-add-space, open-add-space
         =============================================================

1xN017:  ========================================
         [Mesh] Matrix calculation - NO ACIS mode
         [Mesh] 1xN MPI or parallelization mode
         ========================================

1xN017:  ===============================
         [Mesh] Expansion: -2 2 -2 0 0 0
         ===============================

1xN017:  ==================================================
         [Mesh] world: o(0000,0000,0000) e(0277,0408,0024)
         [Mesh] l-1xN: o(0045,0355,0000) e(0140,0408,0024)
         [Mesh] e-1xN: o(0043,0353,0000) e(0142,0408,0024)
         [Mesh] g-MPI: not available
         [Mesh] bound offset: (-2 | 2 | -2)
         ==================================================

1xN017:  =================================================================================
          - hardware info
            + cpu name                    : 12th Gen Intel(R) Core(TM) i5-12400F
            + sockets                     : 1
            + cores per socket            : 6
            + hyperthreading              : on
            + ht-units                    : 2
            + max cpuid level             : 32
            + max cpuid ext. level        : 8
            + numa nodes                  : 1
            + internal cpu info           : CPUID: selected engine is 'Leaf 0xB detection'
         apic ids           : 0, 1, 2, 3, 4, 5, 6, 7, 8, 9, 10, 11
         apic ids (fallback): 0, 1, 2, 3, 4, 5, 6, 7, 8, 9, 10, 11
         from cpu registers: 0, 1, 2, 3, 4, 5, 6, 7, 8, 9, 10, 11
         fallback: 0, 1, 2, 3, 4, 5, 6, 7, 8, 9, 10, 11
         combined: 0, 1, 2, 3, 4, 5, 6, 7, 8, 9, 10, 11
         max id per cpu: 32
         SMT mask: 1
         Core mask: 1e
         Package mask: ffffffe0
         set results:
           - packages: 1
           - cores: 6
           - smts: 2
         generate core map, new implementation
         0, 1, 2, 3, 4, 5, 6, 7, 8, 9, 10, 11
         packages: 1
         cores   : 6
         ht units: 2
          - pinning rule in use   : PINNING_RULE_MCALC_SKIP_ALL
          - desired group         : 0
          - num cores available   : 12
          - active core list from affinity:
            + num accessible procs          : 12
            + num logical procs             : 12
            + current affinity (env)        : 0,1,2,3,4,5,6,7,8,9,10,11
            + sockets ids in                : 0
            + core list                  (1): 0,1,2,3,4,5,6,7,8,9,10,11
          - active cores          : 0,1,2,3,4,5,6,7,8,9,10,11
          - hyperthreading        : on
          - skip pinning: + allowed number of sockets = available number of sockets
                          + hyperthreading allowed by solver
         =================================================================================

1xN017:  ================================================================================
         Version: 2024.1 Release from 2023-10-16 (change 1181985) [Release]
         Workflow: PBA matrix coefficients
         Operation: [fpba, meshfill, bg, port-path, tst, tst-nextgen, coeff, surface-imp]
         Architecture: Windows, ID: AMD64
         System Windows-64bit
         Using processor group 0/1
         Matrix calculation information:
         # of Nodes: 24
         Concurrency: 10
         Start ID: 19
         Node ID: 17
         HEX Mesh information:
         Hex mesh: node: [hxr o(45 | 355 | 0) s(95 | 53 | 24) np (no TSTs): 120840]
         Hex mesh: extended: [hxr o(43 | 353 | 0) s(99 | 55 | 24) np (no TSTs): 130680]
         ================================================================================

1xN017:  -----------------------------------------------------
         Memory status on node "1xN017" for matrix calculation
         	Estimated memory consumption: 0.168308 GB
         	Physical memory installed: 34.2101 GB
         	Available physical memory: 20.1307 GB
         	Available relative memory: 58.8444 %
         -----------------------------------------------------

1xN017:  >>>>>>>>>>>>>>>>>>>>>>>>>>>>>>>>>>>>>>>>>>>>>>>>>
         Sat Sat Apr 26 04:13:14 2025
         started: calculating matrix coefficients per node
         >>>>>>>>>>>>>>>>>>>>>>>>>>>>>>>>>>>>>>>>>>>>>>>>>

1xN017:  ============================================================
         Matrix computation (PBA)
         	[Perfect Boundary Approximation (PBA), version: default]
         	[GPU acceleration: off (by user)]
         Version: 2024.1 Release from 2023-10-16 (change 1181985)
         PBA version 2023101624
         Sub-Workflow: FARM-1xN-TST2-Node
         Workflow updated: -
         Sat Sat Apr 26 04:13:14 2025
         ============================================================

1xN017:  ---------------------------------------------
         Used point accuracy enhancement value: 0.00%.
         ---------------------------------------------

1xN017:  -------------------------------------------------
         Geometry representation: compact
         Shared memory: none
         FARM allocation scheme: PA
         Parallelization: on, used

1xN017:  Gap-Detection activated for FARM-topology. Gaps are resolved, even partially.: gap tolerance value is 0.001000 and mesh geometry scale is 0.001000
1xN017:
1xN017:



1xN017:  ----------------------
         Acceleration mode: CPU
         ----------------------

1xN017:  Port homogenization method: M2H point index deviation
1xN017:  ccccccccccccccccccccccccccccccccccccccccccccccccccccccccccccccccccccc
         FARM/Meshfill cache is set to 8 (local FI domains: 8, dynamic: false)
         ccccccccccccccccccccccccccccccccccccccccccccccccccccccccccccccccccccc

1xN017:  =============================================================
         Hex cell analyzer settings:
         	max number of E fields per mesh edge: 2
         	max number of H fields per mesh face: 4
         	supporting dual grid: false
         	performance improvement: ROI limit: true
         	performance improvement: ROI threshold: 2
         	performance improvement: single topology extraction: true
         	performance improvement: pre-categorize cell volume: true
         	periodic align: 0
         	periodic cells: true
         	homogenization version: pid
         =============================================================

1xN017:  -------------------
         TST Statistics:
         E Split (0 | 0 | 0)
         E Adapt (0 | 0 | 0)
         B Split (0 | 0 | 0)
         B Adapt (0 | 0 | 0)
         -------------------

1xN017:  ssssssssssssssssssssssssssssssssssssssssss
         # of curls with SI accuracy enhancement: 0
         ssssssssssssssssssssssssssssssssssssssssss

1xN017:  ------------------------------------------------------------------------------
         PBA fill limit is applied in inverse mode.
         PBA fill limit is applied on faces filled with at least 85.00% metal material.
         --------------------------------------------------------------
         detailed accuracy settings:
         --------------------------------------------------------------
         augmented fill limit:       true
         augmented fill limit value: 85.00
         automatic fill limit:       true
         early fill limit:           true
         inverse fill limit:         true
         model complexity:           0.00
         legacy 2015:                false
         fixed point accuracy:       false
         minimum point accuracy:     0
         mesh step inheritance:      false
         accuracy mode:
         ------------------------------------------------------------------------------

1xN017:  =================================
         Finished matrix computation (PBA)
         =================================

1xN017:  <<<<<<<<<<<<<<<<<<<<<<<<<<<<<<<<<<<<<<<<<<<<<<<<<<<<<<<<<<<<
         Sat Sat Apr 26 04:13:24 2025
         Resource usage for calculating matrix coefficients per node:
         	Runtime                          00:00:09.00979
         	Peak Memory Estimation:                  168 MB
         	Peak Memory Usage:                       152 MB
         <<<<<<<<<<<<<<<<<<<<<<<<<<<<<<<<<<<<<<<<<<<<<<<<<<<<<<<<<<<<



1xN018:  ==================================================
         [Boundaries] - MCalc
         mpi, mpi, mpi, mpi, open-add-space, open-add-space
         ==================================================

1xN018:  ========================================
         [Mesh] Matrix calculation - NO ACIS mode
         [Mesh] 1xN MPI or parallelization mode
         ========================================

1xN018:  ===============================
         [Mesh] Expansion: -2 2 -2 2 0 0
         ===============================

1xN018:  ==================================================
         [Mesh] world: o(0000,0000,0000) e(0277,0408,0024)
         [Mesh] l-1xN: o(0138,0202,0000) e(0232,0256,0024)
         [Mesh] e-1xN: o(0136,0200,0000) e(0234,0258,0024)
         [Mesh] g-MPI: not available
         [Mesh] bound offset: (-2 | 2 | -2)
         ==================================================

1xN018:  =================================================================================
          - hardware info
            + cpu name                    : 12th Gen Intel(R) Core(TM) i5-12400F
            + sockets                     : 1
            + cores per socket            : 6
            + hyperthreading              : on
            + ht-units                    : 2
            + max cpuid level             : 32
            + max cpuid ext. level        : 8
            + numa nodes                  : 1
            + internal cpu info           : CPUID: selected engine is 'Leaf 0xB detection'
         apic ids           : 0, 1, 2, 3, 4, 5, 6, 7, 8, 9, 10, 11
         apic ids (fallback): 0, 1, 2, 3, 4, 5, 6, 7, 8, 9, 10, 11
         from cpu registers: 0, 1, 2, 3, 4, 5, 6, 7, 8, 9, 10, 11
         fallback: 0, 1, 2, 3, 4, 5, 6, 7, 8, 9, 10, 11
         combined: 0, 1, 2, 3, 4, 5, 6, 7, 8, 9, 10, 11
         max id per cpu: 32
         SMT mask: 1
         Core mask: 1e
         Package mask: ffffffe0
         set results:
           - packages: 1
           - cores: 6
           - smts: 2
         generate core map, new implementation
         0, 1, 2, 3, 4, 5, 6, 7, 8, 9, 10, 11
         packages: 1
         cores   : 6
         ht units: 2
          - pinning rule in use   : PINNING_RULE_MCALC_SKIP_ALL
          - desired group         : 0
          - num cores available   : 12
          - active core list from affinity:
            + num accessible procs          : 12
            + num logical procs             : 12
            + current affinity (env)        : 0,1,2,3,4,5,6,7,8,9,10,11
            + sockets ids in                : 0
            + core list                  (1): 0,1,2,3,4,5,6,7,8,9,10,11
          - active cores          : 0,1,2,3,4,5,6,7,8,9,10,11
          - hyperthreading        : on
          - skip pinning: + allowed number of sockets = available number of sockets
                          + hyperthreading allowed by solver
         =================================================================================

1xN018:  ================================================================================
         Version: 2024.1 Release from 2023-10-16 (change 1181985) [Release]
         Workflow: PBA matrix coefficients
         Operation: [fpba, meshfill, bg, port-path, tst, tst-nextgen, coeff, surface-imp]
         Architecture: Windows, ID: AMD64
         System Windows-64bit
         Using processor group 0/1
         Matrix calculation information:
         # of Nodes: 24
         Concurrency: 10
         Start ID: 10
         Node ID: 18
         HEX Mesh information:
         Hex mesh: node: [hxr o(138 | 202 | 0) s(94 | 54 | 24) np (no TSTs): 121824]
         Hex mesh: extended: [hxr o(136 | 200 | 0) s(98 | 58 | 24) np (no TSTs): 136416]
         ================================================================================

1xN018:  -----------------------------------------------------
         Memory status on node "1xN018" for matrix calculation
         	Estimated memory consumption: 0.34845 GB
         	Physical memory installed: 34.2101 GB
         	Available physical memory: 19.4753 GB
         	Available relative memory: 56.9285 %
         -----------------------------------------------------

1xN018:  >>>>>>>>>>>>>>>>>>>>>>>>>>>>>>>>>>>>>>>>>>>>>>>>>
         Sat Sat Apr 26 04:13:05 2025
         started: calculating matrix coefficients per node
         >>>>>>>>>>>>>>>>>>>>>>>>>>>>>>>>>>>>>>>>>>>>>>>>>

1xN018:  ============================================================
         Matrix computation (PBA)
         	[Perfect Boundary Approximation (PBA), version: default]
         	[GPU acceleration: off (by user)]
         Version: 2024.1 Release from 2023-10-16 (change 1181985)
         PBA version 2023101624
         Sub-Workflow: FARM-1xN-TST2-Node
         Workflow updated: -
         Sat Sat Apr 26 04:13:05 2025
         ============================================================

1xN018:  ---------------------------------------------
         Used point accuracy enhancement value: 0.00%.
         ---------------------------------------------

1xN018:  -------------------------------------------------
         Geometry representation: compact
         Shared memory: none
         FARM allocation scheme: PA
         Parallelization: on, used

1xN018:  Gap-Detection activated for FARM-topology. Gaps are resolved, even partially.: gap tolerance value is 0.001000 and mesh geometry scale is 0.001000
1xN018:
1xN018:



1xN018:  ----------------------
         Acceleration mode: CPU
         ----------------------

1xN018:  Port homogenization method: M2H point index deviation
1xN018:  cccccccccccccccccccccccccccccccccccccccccccccccccccccccccccccccccccccc
         FARM/Meshfill cache is set to 8 (local FI domains: 12, dynamic: false)
         cccccccccccccccccccccccccccccccccccccccccccccccccccccccccccccccccccccc

1xN018:  =============================================================
         Hex cell analyzer settings:
         	max number of E fields per mesh edge: 2
         	max number of H fields per mesh face: 4
         	supporting dual grid: false
         	performance improvement: ROI limit: true
         	performance improvement: ROI threshold: 2
         	performance improvement: single topology extraction: true
         	performance improvement: pre-categorize cell volume: true
         	periodic align: 0
         	periodic cells: true
         	homogenization version: pid
         =============================================================

1xN018:  ------------------------
         TST Statistics:
         E Split (44 | 94 | 0)
         E Adapt (366 | 318 | 12)
         B Split (6 | 6 | 412)
         B Adapt (90 | 40 | 20)
         ------------------------

1xN018:  ssssssssssssssssssssssssssssssssssssssssss
         # of curls with SI accuracy enhancement: 0
         ssssssssssssssssssssssssssssssssssssssssss

1xN018:  ------------------------------------------------------------------------------
         PBA fill limit is applied in inverse mode.
         PBA fill limit is applied on faces filled with at least 85.00% metal material.
         --------------------------------------------------------------
         detailed accuracy settings:
         --------------------------------------------------------------
         augmented fill limit:       true
         augmented fill limit value: 85.00
         automatic fill limit:       true
         early fill limit:           true
         inverse fill limit:         true
         model complexity:           0.00
         legacy 2015:                false
         fixed point accuracy:       false
         minimum point accuracy:     0
         mesh step inheritance:      false
         accuracy mode:
         ------------------------------------------------------------------------------

1xN018:  lumped edge element "EFR32(PCB1):element1" is connected to metal material.
1xN018:  -----------------------------------------------------------------
         The following lumped edge element is connected to metal material:
         	EFR32(PCB1):element1
         -----------------------------------------------------------------

1xN018:  =================================
         Finished matrix computation (PBA)
         =================================

1xN018:  <<<<<<<<<<<<<<<<<<<<<<<<<<<<<<<<<<<<<<<<<<<<<<<<<<<<<<<<<<<<
         Sat Sat Apr 26 04:13:31 2025
         Resource usage for calculating matrix coefficients per node:
         	Runtime                          00:00:26.00283
         	Peak Memory Estimation:                  348 MB
         	Peak Memory Usage:                       266 MB
         <<<<<<<<<<<<<<<<<<<<<<<<<<<<<<<<<<<<<<<<<<<<<<<<<<<<<<<<<<<<



1xN019:  ==================================================
         [Boundaries] - MCalc
         mpi, mpi, mpi, mpi, open-add-space, open-add-space
         ==================================================

1xN019:  ========================================
         [Mesh] Matrix calculation - NO ACIS mode
         [Mesh] 1xN MPI or parallelization mode
         ========================================

1xN019:  ===============================
         [Mesh] Expansion: -2 2 -2 2 0 0
         ===============================

1xN019:  ==================================================
         [Mesh] world: o(0000,0000,0000) e(0277,0408,0024)
         [Mesh] l-1xN: o(0138,0254,0000) e(0232,0308,0024)
         [Mesh] e-1xN: o(0136,0252,0000) e(0234,0310,0024)
         [Mesh] g-MPI: not available
         [Mesh] bound offset: (-2 | 2 | -2)
         ==================================================

1xN019:  =================================================================================
          - hardware info
            + cpu name                    : 12th Gen Intel(R) Core(TM) i5-12400F
            + sockets                     : 1
            + cores per socket            : 6
            + hyperthreading              : on
            + ht-units                    : 2
            + max cpuid level             : 32
            + max cpuid ext. level        : 8
            + numa nodes                  : 1
            + internal cpu info           : CPUID: selected engine is 'Leaf 0xB detection'
         apic ids           : 0, 1, 2, 3, 4, 5, 6, 7, 8, 9, 10, 11
         apic ids (fallback): 0, 1, 2, 3, 4, 5, 6, 7, 8, 9, 10, 11
         from cpu registers: 0, 1, 2, 3, 4, 5, 6, 7, 8, 9, 10, 11
         fallback: 0, 1, 2, 3, 4, 5, 6, 7, 8, 9, 10, 11
         combined: 0, 1, 2, 3, 4, 5, 6, 7, 8, 9, 10, 11
         max id per cpu: 32
         SMT mask: 1
         Core mask: 1e
         Package mask: ffffffe0
         set results:
           - packages: 1
           - cores: 6
           - smts: 2
         generate core map, new implementation
         0, 1, 2, 3, 4, 5, 6, 7, 8, 9, 10, 11
         packages: 1
         cores   : 6
         ht units: 2
          - pinning rule in use   : PINNING_RULE_MCALC_SKIP_ALL
          - desired group         : 0
          - num cores available   : 12
          - active core list from affinity:
            + num accessible procs          : 12
            + num logical procs             : 12
            + current affinity (env)        : 0,1,2,3,4,5,6,7,8,9,10,11
            + sockets ids in                : 0
            + core list                  (1): 0,1,2,3,4,5,6,7,8,9,10,11
          - active cores          : 0,1,2,3,4,5,6,7,8,9,10,11
          - hyperthreading        : on
          - skip pinning: + allowed number of sockets = available number of sockets
                          + hyperthreading allowed by solver
         =================================================================================

1xN019:  ================================================================================
         Version: 2024.1 Release from 2023-10-16 (change 1181985) [Release]
         Workflow: PBA matrix coefficients
         Operation: [fpba, meshfill, bg, port-path, tst, tst-nextgen, coeff, surface-imp]
         Architecture: Windows, ID: AMD64
         System Windows-64bit
         Using processor group 0/1
         Matrix calculation information:
         # of Nodes: 24
         Concurrency: 10
         Start ID: 1
         Node ID: 19
         HEX Mesh information:
         Hex mesh: node: [hxr o(138 | 254 | 0) s(94 | 54 | 24) np (no TSTs): 121824]
         Hex mesh: extended: [hxr o(136 | 252 | 0) s(98 | 58 | 24) np (no TSTs): 136416]
         ================================================================================

1xN019:  -----------------------------------------------------
         Memory status on node "1xN019" for matrix calculation
         	Estimated memory consumption: 0.343473 GB
         	Physical memory installed: 34.2101 GB
         	Available physical memory: 21.3889 GB
         	Available relative memory: 62.5223 %
         -----------------------------------------------------

1xN019:  >>>>>>>>>>>>>>>>>>>>>>>>>>>>>>>>>>>>>>>>>>>>>>>>>
         Sat Sat Apr 26 04:12:47 2025
         started: calculating matrix coefficients per node
         >>>>>>>>>>>>>>>>>>>>>>>>>>>>>>>>>>>>>>>>>>>>>>>>>

1xN019:  ============================================================
         Matrix computation (PBA)
         	[Perfect Boundary Approximation (PBA), version: default]
         	[GPU acceleration: off (by user)]
         Version: 2024.1 Release from 2023-10-16 (change 1181985)
         PBA version 2023101624
         Sub-Workflow: FARM-1xN-TST2-Node
         Workflow updated: -
         Sat Sat Apr 26 04:12:47 2025
         ============================================================

1xN019:  ---------------------------------------------
         Used point accuracy enhancement value: 0.00%.
         ---------------------------------------------

1xN019:  -------------------------------------------------
         Geometry representation: compact
         Shared memory: none
         FARM allocation scheme: PA
         Parallelization: on, used

1xN019:  Gap-Detection activated for FARM-topology. Gaps are resolved, even partially.: gap tolerance value is 0.001000 and mesh geometry scale is 0.001000
1xN019:
1xN019:



1xN019:  ----------------------
         Acceleration mode: CPU
         ----------------------

1xN019:  Port homogenization method: M2H point index deviation
1xN019:  cccccccccccccccccccccccccccccccccccccccccccccccccccccccccccccccccccccc
         FARM/Meshfill cache is set to 8 (local FI domains: 12, dynamic: false)
         cccccccccccccccccccccccccccccccccccccccccccccccccccccccccccccccccccccc

1xN019:  =============================================================
         Hex cell analyzer settings:
         	max number of E fields per mesh edge: 2
         	max number of H fields per mesh face: 4
         	supporting dual grid: false
         	performance improvement: ROI limit: true
         	performance improvement: ROI threshold: 2
         	performance improvement: single topology extraction: true
         	performance improvement: pre-categorize cell volume: true
         	periodic align: 0
         	periodic cells: true
         	homogenization version: pid
         =============================================================

1xN019:  ---------------------
         TST Statistics:
         E Split (12 | 0 | 0)
         E Adapt (63 | 76 | 6)
         B Split (0 | 6 | 76)
         B Adapt (0 | 8 | 4)
         ---------------------

1xN019:  ssssssssssssssssssssssssssssssssssssssssss
         # of curls with SI accuracy enhancement: 0
         ssssssssssssssssssssssssssssssssssssssssss

1xN019:  ------------------------------------------------------------------------------
         PBA fill limit is applied in inverse mode.
         PBA fill limit is applied on faces filled with at least 85.00% metal material.
         --------------------------------------------------------------
         detailed accuracy settings:
         --------------------------------------------------------------
         augmented fill limit:       true
         augmented fill limit value: 85.00
         automatic fill limit:       true
         early fill limit:           true
         inverse fill limit:         true
         model complexity:           0.00
         legacy 2015:                false
         fixed point accuracy:       false
         minimum point accuracy:     0
         mesh step inheritance:      false
         accuracy mode:
         ------------------------------------------------------------------------------

1xN019:  lumped face element "EFR32(PCB1):C11" is connected to metal material.
1xN019:  lumped face element "EFR32(PCB1):C12" is connected to metal material.
1xN019:  lumped face element "EFR32(PCB1):C18" is connected to metal material.
1xN019:  lumped face element "EFR32(PCB1):C19" is connected to metal material.
1xN019:  lumped face element "EFR32(PCB1):L1" is connected to metal material.
1xN019:  lumped face element "EFR32(PCB1):L3" is connected to metal material.
1xN019:  ------------------------------------------------------------------------------------------------------
         The following lumped face elements are connected to metal material:
         	EFR32(PCB1):C11, EFR32(PCB1):C12, EFR32(PCB1):C18, EFR32(PCB1):C19, EFR32(PCB1):L1, EFR32(PCB1):L3
         ------------------------------------------------------------------------------------------------------

1xN019:  =================================
         Finished matrix computation (PBA)
         =================================

1xN019:  <<<<<<<<<<<<<<<<<<<<<<<<<<<<<<<<<<<<<<<<<<<<<<<<<<<<<<<<<<<<
         Sat Sat Apr 26 04:13:12 2025
         Resource usage for calculating matrix coefficients per node:
         	Runtime                          00:00:25.00164
         	Peak Memory Estimation:                  343 MB
         	Peak Memory Usage:                       258 MB
         <<<<<<<<<<<<<<<<<<<<<<<<<<<<<<<<<<<<<<<<<<<<<<<<<<<<<<<<<<<<



1xN020:  =============================================================
         [Boundaries] - MCalc
         mpi, open-add-space, mpi, mpi, open-add-space, open-add-space
         =============================================================

1xN020:  ========================================
         [Mesh] Matrix calculation - NO ACIS mode
         [Mesh] 1xN MPI or parallelization mode
         ========================================

1xN020:  ===============================
         [Mesh] Expansion: -2 0 -2 2 0 0
         ===============================

1xN020:  ==================================================
         [Mesh] world: o(0000,0000,0000) e(0277,0408,0024)
         [Mesh] l-1xN: o(0230,0202,0000) e(0277,0308,0024)
         [Mesh] e-1xN: o(0228,0200,0000) e(0277,0310,0024)
         [Mesh] g-MPI: not available
         [Mesh] bound offset: (-2 | 0 | -2)
         ==================================================

1xN020:  =================================================================================
          - hardware info
            + cpu name                    : 12th Gen Intel(R) Core(TM) i5-12400F
            + sockets                     : 1
            + cores per socket            : 6
            + hyperthreading              : on
            + ht-units                    : 2
            + max cpuid level             : 32
            + max cpuid ext. level        : 8
            + numa nodes                  : 1
            + internal cpu info           : CPUID: selected engine is 'Leaf 0xB detection'
         apic ids           : 0, 1, 2, 3, 4, 5, 6, 7, 8, 9, 10, 11
         apic ids (fallback): 0, 1, 2, 3, 4, 5, 6, 7, 8, 9, 10, 11
         from cpu registers: 0, 1, 2, 3, 4, 5, 6, 7, 8, 9, 10, 11
         fallback: 0, 1, 2, 3, 4, 5, 6, 7, 8, 9, 10, 11
         combined: 0, 1, 2, 3, 4, 5, 6, 7, 8, 9, 10, 11
         max id per cpu: 32
         SMT mask: 1
         Core mask: 1e
         Package mask: ffffffe0
         set results:
           - packages: 1
           - cores: 6
           - smts: 2
         generate core map, new implementation
         0, 1, 2, 3, 4, 5, 6, 7, 8, 9, 10, 11
         packages: 1
         cores   : 6
         ht units: 2
          - pinning rule in use   : PINNING_RULE_MCALC_SKIP_ALL
          - desired group         : 0
          - num cores available   : 12
          - active core list from affinity:
            + num accessible procs          : 12
            + num logical procs             : 12
            + current affinity (env)        : 0,1,2,3,4,5,6,7,8,9,10,11
            + sockets ids in                : 0
            + core list                  (1): 0,1,2,3,4,5,6,7,8,9,10,11
          - active cores          : 0,1,2,3,4,5,6,7,8,9,10,11
          - hyperthreading        : on
          - skip pinning: + allowed number of sockets = available number of sockets
                          + hyperthreading allowed by solver
         =================================================================================

1xN020:  =================================================================================
         Version: 2024.1 Release from 2023-10-16 (change 1181985) [Release]
         Workflow: PBA matrix coefficients
         Operation: [fpba, meshfill, bg, port-path, tst, tst-nextgen, coeff, surface-imp]
         Architecture: Windows, ID: AMD64
         System Windows-64bit
         Using processor group 0/1
         Matrix calculation information:
         # of Nodes: 24
         Concurrency: 10
         Start ID: 16
         Node ID: 20
         HEX Mesh information:
         Hex mesh: node: [hxr o(230 | 202 | 0) s(47 | 106 | 24) np (no TSTs): 119568]
         Hex mesh: extended: [hxr o(228 | 200 | 0) s(49 | 110 | 24) np (no TSTs): 129360]
         =================================================================================

1xN020:  -----------------------------------------------------
         Memory status on node "1xN020" for matrix calculation
         	Estimated memory consumption: 0.197383 GB
         	Physical memory installed: 34.2101 GB
         	Available physical memory: 20.2121 GB
         	Available relative memory: 59.0824 %
         -----------------------------------------------------

1xN020:  >>>>>>>>>>>>>>>>>>>>>>>>>>>>>>>>>>>>>>>>>>>>>>>>>
         Sat Sat Apr 26 04:13:13 2025
         started: calculating matrix coefficients per node
         >>>>>>>>>>>>>>>>>>>>>>>>>>>>>>>>>>>>>>>>>>>>>>>>>

1xN020:  ============================================================
         Matrix computation (PBA)
         	[Perfect Boundary Approximation (PBA), version: default]
         	[GPU acceleration: off (by user)]
         Version: 2024.1 Release from 2023-10-16 (change 1181985)
         PBA version 2023101624
         Sub-Workflow: FARM-1xN-TST2-Node
         Workflow updated: -
         Sat Sat Apr 26 04:13:13 2025
         ============================================================

1xN020:  ---------------------------------------------
         Used point accuracy enhancement value: 0.00%.
         ---------------------------------------------

1xN020:  -------------------------------------------------
         Geometry representation: compact
         Shared memory: none
         FARM allocation scheme: PA
         Parallelization: on, used

1xN020:  Gap-Detection activated for FARM-topology. Gaps are resolved, even partially.: gap tolerance value is 0.001000 and mesh geometry scale is 0.001000
1xN020:
1xN020:



1xN020:  ----------------------
         Acceleration mode: CPU
         ----------------------

1xN020:  Port homogenization method: M2H point index deviation
1xN020:  cccccccccccccccccccccccccccccccccccccccccccccccccccccccccccccccccccccc
         FARM/Meshfill cache is set to 8 (local FI domains: 10, dynamic: false)
         cccccccccccccccccccccccccccccccccccccccccccccccccccccccccccccccccccccc

1xN020:  =============================================================
         Hex cell analyzer settings:
         	max number of E fields per mesh edge: 2
         	max number of H fields per mesh face: 4
         	supporting dual grid: false
         	performance improvement: ROI limit: true
         	performance improvement: ROI threshold: 2
         	performance improvement: single topology extraction: true
         	performance improvement: pre-categorize cell volume: true
         	periodic align: 0
         	periodic cells: true
         	homogenization version: pid
         =============================================================

1xN020:  ---------------------
         TST Statistics:
         E Split (4 | 0 | 0)
         E Adapt (94 | 98 | 0)
         B Split (0 | 0 | 98)
         B Adapt (0 | 4 | 2)
         ---------------------

1xN020:  ssssssssssssssssssssssssssssssssssssssssss
         # of curls with SI accuracy enhancement: 0
         ssssssssssssssssssssssssssssssssssssssssss

1xN020:  ------------------------------------------------------------------------------
         PBA fill limit is applied in inverse mode.
         PBA fill limit is applied on faces filled with at least 85.00% metal material.
         --------------------------------------------------------------
         detailed accuracy settings:
         --------------------------------------------------------------
         augmented fill limit:       true
         augmented fill limit value: 85.00
         automatic fill limit:       true
         early fill limit:           true
         inverse fill limit:         true
         model complexity:           0.00
         legacy 2015:                false
         fixed point accuracy:       false
         minimum point accuracy:     0
         mesh step inheritance:      false
         accuracy mode:
         ------------------------------------------------------------------------------

1xN020:  =================================
         Finished matrix computation (PBA)
         =================================

1xN020:  <<<<<<<<<<<<<<<<<<<<<<<<<<<<<<<<<<<<<<<<<<<<<<<<<<<<<<<<<<<<
         Sat Sat Apr 26 04:13:32 2025
         Resource usage for calculating matrix coefficients per node:
         	Runtime                          00:00:19.00573
         	Peak Memory Estimation:                  197 MB
         	Peak Memory Usage:                       210 MB
         <<<<<<<<<<<<<<<<<<<<<<<<<<<<<<<<<<<<<<<<<<<<<<<<<<<<<<<<<<<<



1xN021:  =============================================================
         [Boundaries] - MCalc
         mpi, mpi, mpi, open-add-space, open-add-space, open-add-space
         =============================================================

1xN021:  ========================================
         [Mesh] Matrix calculation - NO ACIS mode
         [Mesh] 1xN MPI or parallelization mode
         ========================================

1xN021:  ===============================
         [Mesh] Expansion: -2 2 -2 0 0 0
         ===============================

1xN021:  ==================================================
         [Mesh] world: o(0000,0000,0000) e(0277,0408,0024)
         [Mesh] l-1xN: o(0138,0306,0000) e(0185,0408,0024)
         [Mesh] e-1xN: o(0136,0304,0000) e(0187,0408,0024)
         [Mesh] g-MPI: not available
         [Mesh] bound offset: (-2 | 2 | -2)
         ==================================================

1xN021:  =================================================================================
          - hardware info
            + cpu name                    : 12th Gen Intel(R) Core(TM) i5-12400F
            + sockets                     : 1
            + cores per socket            : 6
            + hyperthreading              : on
            + ht-units                    : 2
            + max cpuid level             : 32
            + max cpuid ext. level        : 8
            + numa nodes                  : 1
            + internal cpu info           : CPUID: selected engine is 'Leaf 0xB detection'
         apic ids           : 0, 1, 2, 3, 4, 5, 6, 7, 8, 9, 10, 11
         apic ids (fallback): 0, 1, 2, 3, 4, 5, 6, 7, 8, 9, 10, 11
         from cpu registers: 0, 1, 2, 3, 4, 5, 6, 7, 8, 9, 10, 11
         fallback: 0, 1, 2, 3, 4, 5, 6, 7, 8, 9, 10, 11
         combined: 0, 1, 2, 3, 4, 5, 6, 7, 8, 9, 10, 11
         max id per cpu: 32
         SMT mask: 1
         Core mask: 1e
         Package mask: ffffffe0
         set results:
           - packages: 1
           - cores: 6
           - smts: 2
         generate core map, new implementation
         0, 1, 2, 3, 4, 5, 6, 7, 8, 9, 10, 11
         packages: 1
         cores   : 6
         ht units: 2
          - pinning rule in use   : PINNING_RULE_MCALC_SKIP_ALL
          - desired group         : 0
          - num cores available   : 12
          - active core list from affinity:
            + num accessible procs          : 12
            + num logical procs             : 12
            + current affinity (env)        : 0,1,2,3,4,5,6,7,8,9,10,11
            + sockets ids in                : 0
            + core list                  (1): 0,1,2,3,4,5,6,7,8,9,10,11
          - active cores          : 0,1,2,3,4,5,6,7,8,9,10,11
          - hyperthreading        : on
          - skip pinning: + allowed number of sockets = available number of sockets
                          + hyperthreading allowed by solver
         =================================================================================

1xN021:  =================================================================================
         Version: 2024.1 Release from 2023-10-16 (change 1181985) [Release]
         Workflow: PBA matrix coefficients
         Operation: [fpba, meshfill, bg, port-path, tst, tst-nextgen, coeff, surface-imp]
         Architecture: Windows, ID: AMD64
         System Windows-64bit
         Using processor group 0/1
         Matrix calculation information:
         # of Nodes: 24
         Concurrency: 10
         Start ID: 14
         Node ID: 21
         HEX Mesh information:
         Hex mesh: node: [hxr o(138 | 306 | 0) s(47 | 102 | 24) np (no TSTs): 115056]
         Hex mesh: extended: [hxr o(136 | 304 | 0) s(51 | 104 | 24) np (no TSTs): 127296]
         =================================================================================

1xN021:  -----------------------------------------------------
         Memory status on node "1xN021" for matrix calculation
         	Estimated memory consumption: 0.235884 GB
         	Physical memory installed: 34.2101 GB
         	Available physical memory: 20.0947 GB
         	Available relative memory: 58.739 %
         -----------------------------------------------------

1xN021:  >>>>>>>>>>>>>>>>>>>>>>>>>>>>>>>>>>>>>>>>>>>>>>>>>
         Sat Sat Apr 26 04:13:12 2025
         started: calculating matrix coefficients per node
         >>>>>>>>>>>>>>>>>>>>>>>>>>>>>>>>>>>>>>>>>>>>>>>>>

1xN021:  ============================================================
         Matrix computation (PBA)
         	[Perfect Boundary Approximation (PBA), version: default]
         	[GPU acceleration: off (by user)]
         Version: 2024.1 Release from 2023-10-16 (change 1181985)
         PBA version 2023101624
         Sub-Workflow: FARM-1xN-TST2-Node
         Workflow updated: -
         Sat Sat Apr 26 04:13:12 2025
         ============================================================

1xN021:  ---------------------------------------------
         Used point accuracy enhancement value: 0.00%.
         ---------------------------------------------

1xN021:  -------------------------------------------------
         Geometry representation: compact
         Shared memory: none
         FARM allocation scheme: PA
         Parallelization: on, used

1xN021:  Gap-Detection activated for FARM-topology. Gaps are resolved, even partially.: gap tolerance value is 0.001000 and mesh geometry scale is 0.001000
1xN021:
1xN021:



1xN021:  ----------------------
         Acceleration mode: CPU
         ----------------------

1xN021:  Port homogenization method: M2H point index deviation
1xN021:  cccccccccccccccccccccccccccccccccccccccccccccccccccccccccccccccccccccc
         FARM/Meshfill cache is set to 8 (local FI domains: 12, dynamic: false)
         cccccccccccccccccccccccccccccccccccccccccccccccccccccccccccccccccccccc

1xN021:  =============================================================
         Hex cell analyzer settings:
         	max number of E fields per mesh edge: 2
         	max number of H fields per mesh face: 4
         	supporting dual grid: false
         	performance improvement: ROI limit: true
         	performance improvement: ROI threshold: 2
         	performance improvement: single topology extraction: true
         	performance improvement: pre-categorize cell volume: true
         	periodic align: 0
         	periodic cells: true
         	homogenization version: pid
         =============================================================

1xN021:  -------------------
         TST Statistics:
         E Split (0 | 0 | 0)
         E Adapt (0 | 0 | 0)
         B Split (0 | 0 | 0)
         B Adapt (0 | 0 | 0)
         -------------------

1xN021:  ssssssssssssssssssssssssssssssssssssssssss
         # of curls with SI accuracy enhancement: 0
         ssssssssssssssssssssssssssssssssssssssssss

1xN021:  ------------------------------------------------------------------------------
         PBA fill limit is applied in inverse mode.
         PBA fill limit is applied on faces filled with at least 85.00% metal material.
         --------------------------------------------------------------
         detailed accuracy settings:
         --------------------------------------------------------------
         augmented fill limit:       true
         augmented fill limit value: 85.00
         automatic fill limit:       true
         early fill limit:           true
         inverse fill limit:         true
         model complexity:           0.00
         legacy 2015:                false
         fixed point accuracy:       false
         minimum point accuracy:     0
         mesh step inheritance:      false
         accuracy mode:
         ------------------------------------------------------------------------------

1xN021:  discrete edge port "1" is connected to metal material.
1xN021:  lumped face element "EFR32(PCB1):C20" is connected to metal material.
1xN021:  -----------------------------------------------------------------
         The following lumped face element is connected to metal material:
         	EFR32(PCB1):C20
         -----------------------------------------------------------------

1xN021:  ----------------------------------------------------------------
         The following discrete edge port is connected to metal material:
         	1
         ----------------------------------------------------------------

1xN021:  =================================
         Finished matrix computation (PBA)
         =================================

1xN021:  <<<<<<<<<<<<<<<<<<<<<<<<<<<<<<<<<<<<<<<<<<<<<<<<<<<<<<<<<<<<
         Sat Sat Apr 26 04:13:27 2025
         Resource usage for calculating matrix coefficients per node:
         	Runtime                          00:00:14.00332
         	Peak Memory Estimation:                  236 MB
         	Peak Memory Usage:                       183 MB
         <<<<<<<<<<<<<<<<<<<<<<<<<<<<<<<<<<<<<<<<<<<<<<<<<<<<<<<<<<<<



1xN022:  =============================================================
         [Boundaries] - MCalc
         mpi, open-add-space, mpi, mpi, open-add-space, open-add-space
         =============================================================

1xN022:  ========================================
         [Mesh] Matrix calculation - NO ACIS mode
         [Mesh] 1xN MPI or parallelization mode
         ========================================

1xN022:  ===============================
         [Mesh] Expansion: -2 0 -2 2 0 0
         ===============================

1xN022:  ==================================================
         [Mesh] world: o(0000,0000,0000) e(0277,0408,0024)
         [Mesh] l-1xN: o(0183,0306,0000) e(0277,0358,0024)
         [Mesh] e-1xN: o(0181,0304,0000) e(0277,0360,0024)
         [Mesh] g-MPI: not available
         [Mesh] bound offset: (-2 | 0 | -2)
         ==================================================

1xN022:  =================================================================================
          - hardware info
            + cpu name                    : 12th Gen Intel(R) Core(TM) i5-12400F
            + sockets                     : 1
            + cores per socket            : 6
            + hyperthreading              : on
            + ht-units                    : 2
            + max cpuid level             : 32
            + max cpuid ext. level        : 8
            + numa nodes                  : 1
            + internal cpu info           : CPUID: selected engine is 'Leaf 0xB detection'
         apic ids           : 0, 1, 2, 3, 4, 5, 6, 7, 8, 9, 10, 11
         apic ids (fallback): 0, 1, 2, 3, 4, 5, 6, 7, 8, 9, 10, 11
         from cpu registers: 0, 1, 2, 3, 4, 5, 6, 7, 8, 9, 10, 11
         fallback: 0, 1, 2, 3, 4, 5, 6, 7, 8, 9, 10, 11
         combined: 0, 1, 2, 3, 4, 5, 6, 7, 8, 9, 10, 11
         max id per cpu: 32
         SMT mask: 1
         Core mask: 1e
         Package mask: ffffffe0
         set results:
           - packages: 1
           - cores: 6
           - smts: 2
         generate core map, new implementation
         0, 1, 2, 3, 4, 5, 6, 7, 8, 9, 10, 11
         packages: 1
         cores   : 6
         ht units: 2
          - pinning rule in use   : PINNING_RULE_MCALC_SKIP_ALL
          - desired group         : 0
          - num cores available   : 12
          - active core list from affinity:
            + num accessible procs          : 12
            + num logical procs             : 12
            + current affinity (env)        : 0,1,2,3,4,5,6,7,8,9,10,11
            + sockets ids in                : 0
            + core list                  (1): 0,1,2,3,4,5,6,7,8,9,10,11
          - active cores          : 0,1,2,3,4,5,6,7,8,9,10,11
          - hyperthreading        : on
          - skip pinning: + allowed number of sockets = available number of sockets
                          + hyperthreading allowed by solver
         =================================================================================

1xN022:  ================================================================================
         Version: 2024.1 Release from 2023-10-16 (change 1181985) [Release]
         Workflow: PBA matrix coefficients
         Operation: [fpba, meshfill, bg, port-path, tst, tst-nextgen, coeff, surface-imp]
         Architecture: Windows, ID: AMD64
         System Windows-64bit
         Using processor group 0/1
         Matrix calculation information:
         # of Nodes: 24
         Concurrency: 10
         Start ID: 13
         Node ID: 22
         HEX Mesh information:
         Hex mesh: node: [hxr o(183 | 306 | 0) s(94 | 52 | 24) np (no TSTs): 117312]
         Hex mesh: extended: [hxr o(181 | 304 | 0) s(96 | 56 | 24) np (no TSTs): 129024]
         ================================================================================

1xN022:  -----------------------------------------------------
         Memory status on node "1xN022" for matrix calculation
         	Estimated memory consumption: 0.238428 GB
         	Physical memory installed: 34.2101 GB
         	Available physical memory: 19.6932 GB
         	Available relative memory: 57.5654 %
         -----------------------------------------------------

1xN022:  >>>>>>>>>>>>>>>>>>>>>>>>>>>>>>>>>>>>>>>>>>>>>>>>>
         Sat Sat Apr 26 04:13:11 2025
         started: calculating matrix coefficients per node
         >>>>>>>>>>>>>>>>>>>>>>>>>>>>>>>>>>>>>>>>>>>>>>>>>

1xN022:  ============================================================
         Matrix computation (PBA)
         	[Perfect Boundary Approximation (PBA), version: default]
         	[GPU acceleration: off (by user)]
         Version: 2024.1 Release from 2023-10-16 (change 1181985)
         PBA version 2023101624
         Sub-Workflow: FARM-1xN-TST2-Node
         Workflow updated: -
         Sat Sat Apr 26 04:13:11 2025
         ============================================================

1xN022:  ---------------------------------------------
         Used point accuracy enhancement value: 0.00%.
         ---------------------------------------------

1xN022:  -------------------------------------------------
         Geometry representation: compact
         Shared memory: none
         FARM allocation scheme: PA
         Parallelization: on, used

1xN022:  Gap-Detection activated for FARM-topology. Gaps are resolved, even partially.: gap tolerance value is 0.001000 and mesh geometry scale is 0.001000
1xN022:
1xN022:



1xN022:  ----------------------
         Acceleration mode: CPU
         ----------------------

1xN022:  Port homogenization method: M2H point index deviation
1xN022:  ccccccccccccccccccccccccccccccccccccccccccccccccccccccccccccccccccccc
         FARM/Meshfill cache is set to 8 (local FI domains: 9, dynamic: false)
         ccccccccccccccccccccccccccccccccccccccccccccccccccccccccccccccccccccc

1xN022:  =============================================================
         Hex cell analyzer settings:
         	max number of E fields per mesh edge: 2
         	max number of H fields per mesh face: 4
         	supporting dual grid: false
         	performance improvement: ROI limit: true
         	performance improvement: ROI threshold: 2
         	performance improvement: single topology extraction: true
         	performance improvement: pre-categorize cell volume: true
         	periodic align: 0
         	periodic cells: true
         	homogenization version: pid
         =============================================================

1xN022:  ---------------------
         TST Statistics:
         E Split (0 | 12 | 0)
         E Adapt (12 | 0 | 18)
         B Split (18 | 0 | 12)
         B Adapt (0 | 0 | 6)
         ---------------------

1xN022:  ssssssssssssssssssssssssssssssssssssssssss
         # of curls with SI accuracy enhancement: 0
         ssssssssssssssssssssssssssssssssssssssssss

1xN022:  ------------------------------------------------------------------------------
         PBA fill limit is applied in inverse mode.
         PBA fill limit is applied on faces filled with at least 85.00% metal material.
         --------------------------------------------------------------
         detailed accuracy settings:
         --------------------------------------------------------------
         augmented fill limit:       true
         augmented fill limit value: 85.00
         automatic fill limit:       true
         early fill limit:           true
         inverse fill limit:         true
         model complexity:           0.00
         legacy 2015:                false
         fixed point accuracy:       false
         minimum point accuracy:     0
         mesh step inheritance:      false
         accuracy mode:
         ------------------------------------------------------------------------------

1xN022:  =================================
         Finished matrix computation (PBA)
         =================================

1xN022:  <<<<<<<<<<<<<<<<<<<<<<<<<<<<<<<<<<<<<<<<<<<<<<<<<<<<<<<<<<<<
         Sat Sat Apr 26 04:13:26 2025
         Resource usage for calculating matrix coefficients per node:
         	Runtime                          00:00:14.00806
         	Peak Memory Estimation:                  238 MB
         	Peak Memory Usage:                       189 MB
         <<<<<<<<<<<<<<<<<<<<<<<<<<<<<<<<<<<<<<<<<<<<<<<<<<<<<<<<<<<<



1xN023:  ========================================================================
         [Boundaries] - MCalc
         mpi, open-add-space, mpi, open-add-space, open-add-space, open-add-space
         ========================================================================

1xN023:  ========================================
         [Mesh] Matrix calculation - NO ACIS mode
         [Mesh] 1xN MPI or parallelization mode
         ========================================

1xN023:  ===============================
         [Mesh] Expansion: -2 0 -2 0 0 0
         ===============================

1xN023:  ==================================================
         [Mesh] world: o(0000,0000,0000) e(0277,0408,0024)
         [Mesh] l-1xN: o(0183,0356,0000) e(0277,0408,0024)
         [Mesh] e-1xN: o(0181,0354,0000) e(0277,0408,0024)
         [Mesh] g-MPI: not available
         [Mesh] bound offset: (-2 | 0 | -2)
         ==================================================

1xN023:  =================================================================================
          - hardware info
            + cpu name                    : 12th Gen Intel(R) Core(TM) i5-12400F
            + sockets                     : 1
            + cores per socket            : 6
            + hyperthreading              : on
            + ht-units                    : 2
            + max cpuid level             : 32
            + max cpuid ext. level        : 8
            + numa nodes                  : 1
            + internal cpu info           : CPUID: selected engine is 'Leaf 0xB detection'
         apic ids           : 0, 1, 2, 3, 4, 5, 6, 7, 8, 9, 10, 11
         apic ids (fallback): 0, 1, 2, 3, 4, 5, 6, 7, 8, 9, 10, 11
         from cpu registers: 0, 1, 2, 3, 4, 5, 6, 7, 8, 9, 10, 11
         fallback: 0, 1, 2, 3, 4, 5, 6, 7, 8, 9, 10, 11
         combined: 0, 1, 2, 3, 4, 5, 6, 7, 8, 9, 10, 11
         max id per cpu: 32
         SMT mask: 1
         Core mask: 1e
         Package mask: ffffffe0
         set results:
           - packages: 1
           - cores: 6
           - smts: 2
         generate core map, new implementation
         0, 1, 2, 3, 4, 5, 6, 7, 8, 9, 10, 11
         packages: 1
         cores   : 6
         ht units: 2
          - pinning rule in use   : PINNING_RULE_MCALC_SKIP_ALL
          - desired group         : 0
          - num cores available   : 12
          - active core list from affinity:
            + num accessible procs          : 12
            + num logical procs             : 12
            + current affinity (env)        : 0,1,2,3,4,5,6,7,8,9,10,11
            + sockets ids in                : 0
            + core list                  (1): 0,1,2,3,4,5,6,7,8,9,10,11
          - active cores          : 0,1,2,3,4,5,6,7,8,9,10,11
          - hyperthreading        : on
          - skip pinning: + allowed number of sockets = available number of sockets
                          + hyperthreading allowed by solver
         =================================================================================

1xN023:  ================================================================================
         Version: 2024.1 Release from 2023-10-16 (change 1181985) [Release]
         Workflow: PBA matrix coefficients
         Operation: [fpba, meshfill, bg, port-path, tst, tst-nextgen, coeff, surface-imp]
         Architecture: Windows, ID: AMD64
         System Windows-64bit
         Using processor group 0/1
         Matrix calculation information:
         # of Nodes: 24
         Concurrency: 10
         Start ID: 23
         Node ID: 23
         HEX Mesh information:
         Hex mesh: node: [hxr o(183 | 356 | 0) s(94 | 52 | 24) np (no TSTs): 117312]
         Hex mesh: extended: [hxr o(181 | 354 | 0) s(96 | 54 | 24) np (no TSTs): 124416]
         ================================================================================

1xN023:  -----------------------------------------------------
         Memory status on node "1xN023" for matrix calculation
         	Estimated memory consumption: 0.115046 GB
         	Physical memory installed: 34.2101 GB
         	Available physical memory: 19.8148 GB
         	Available relative memory: 57.921 %
         -----------------------------------------------------

1xN023:  >>>>>>>>>>>>>>>>>>>>>>>>>>>>>>>>>>>>>>>>>>>>>>>>>
         Sat Sat Apr 26 04:13:31 2025
         started: calculating matrix coefficients per node
         >>>>>>>>>>>>>>>>>>>>>>>>>>>>>>>>>>>>>>>>>>>>>>>>>

1xN023:  ============================================================
         Matrix computation (PBA)
         	[Perfect Boundary Approximation (PBA), version: default]
         	[GPU acceleration: off (by user)]
         Version: 2024.1 Release from 2023-10-16 (change 1181985)
         PBA version 2023101624
         Sub-Workflow: FARM-1xN-TST2-Node
         Workflow updated: -
         Sat Sat Apr 26 04:13:31 2025
         ============================================================

1xN023:  ---------------------------------------------
         Used point accuracy enhancement value: 0.00%.
         ---------------------------------------------

1xN023:  -------------------------------------------------
         Geometry representation: compact
         Shared memory: none
         FARM allocation scheme: PA
         Parallelization: on, used

1xN023:  Gap-Detection activated for FARM-topology. Gaps are resolved, even partially.: gap tolerance value is 0.001000 and mesh geometry scale is 0.001000
1xN023:
1xN023:



1xN023:  ----------------------
         Acceleration mode: CPU
         ----------------------

1xN023:  Port homogenization method: M2H point index deviation
1xN023:  ccccccccccccccccccccccccccccccccccccccccccccccccccccccccccccccccccccc
         FARM/Meshfill cache is set to 8 (local FI domains: 6, dynamic: false)
         ccccccccccccccccccccccccccccccccccccccccccccccccccccccccccccccccccccc

1xN023:  =============================================================
         Hex cell analyzer settings:
         	max number of E fields per mesh edge: 2
         	max number of H fields per mesh face: 4
         	supporting dual grid: false
         	performance improvement: ROI limit: true
         	performance improvement: ROI threshold: 2
         	performance improvement: single topology extraction: true
         	performance improvement: pre-categorize cell volume: true
         	periodic align: 0
         	periodic cells: true
         	homogenization version: pid
         =============================================================

1xN023:  -------------------
         TST Statistics:
         E Split (0 | 0 | 0)
         E Adapt (0 | 0 | 0)
         B Split (0 | 0 | 0)
         B Adapt (0 | 0 | 0)
         -------------------

1xN023:  ssssssssssssssssssssssssssssssssssssssssss
         # of curls with SI accuracy enhancement: 0
         ssssssssssssssssssssssssssssssssssssssssss

1xN023:  ------------------------------------------------------------------------------
         PBA fill limit is applied in inverse mode.
         PBA fill limit is applied on faces filled with at least 85.00% metal material.
         --------------------------------------------------------------
         detailed accuracy settings:
         --------------------------------------------------------------
         augmented fill limit:       true
         augmented fill limit value: 85.00
         automatic fill limit:       true
         early fill limit:           true
         inverse fill limit:         true
         model complexity:           0.00
         legacy 2015:                false
         fixed point accuracy:       false
         minimum point accuracy:     0
         mesh step inheritance:      false
         accuracy mode:
         ------------------------------------------------------------------------------

1xN023:  =================================
         Finished matrix computation (PBA)
         =================================

1xN023:  <<<<<<<<<<<<<<<<<<<<<<<<<<<<<<<<<<<<<<<<<<<<<<<<<<<<<<<<<<<<
         Sat Sat Apr 26 04:13:37 2025
         Resource usage for calculating matrix coefficients per node:
         	Runtime                          00:00:06.00288
         	Peak Memory Estimation:                  115 MB
         	Peak Memory Usage:                       135 MB
         <<<<<<<<<<<<<<<<<<<<<<<<<<<<<<<<<<<<<<<<<<<<<<<<<<<<<<<<<<<<



<<<<<<<<<<<<<<<<<<<<<<<<<<<<<<<<<<<<<<<<<<<<<<<
Sat Sat Apr 26 04:13:42 2025
Resource usage for parallelization control:
	Runtime                      00:01:05.00518
<<<<<<<<<<<<<<<<<<<<<<<<<<<<<<<<<<<<<<<<<<<<<<<

------------------------------------------------------------------------------------------------------------------------------
PBAMeshFeedback - InfoMap: 0[ms] - SBCell navigation: Using legacy edges - CornerCorrectionLinesAndWires: 0[ms] - Write: 3[ms]
ConnectivityAXG - Load: 59[ms] - Setup: 3[ms] - Convert: 124[ms] ( Groups: 47 - Shapes: 352 - Threads: 6 ) - Write: 53[ms]
ConnectivityAXG - Load: 59[ms] - Setup: 3[ms] - Convert: 124[ms] ( Groups: 47 - Shapes: 352 - Threads: 6 ) - Write: 53[ms]
------------------------------------------------------------------------------------------------------------------------------

--------------------------------
# of staircase filled cells: 0
# of staircase filled areas: 0
# of staircase filled edges: 0
# of faces above fill limit: 0
# of edges with FPBA topology: 0
--------------------------------

