{
    "anchorpoints": [],
    "portpins": [
        {
            "name": "1",
            "position": [
                22.358,
                50.9,
                0.8630599999999999
            ],
            "rotation": [
                0.0,
                -1.0,
                1.3877787807814506e-16,
                0.0,
                0.0,
                0.0,
                0.0,
                0.0,
                0.0
            ]
        }
    ],
    "version": 7
}