{
    "anchorpoints": [],
    "portpins": [
        {
            "name": "1",
            "position": [
                22.3774500060851,
                50.760299985911345,
                0.852208490245916
            ],
            "rotation": [
                -0.0002085686726910052,
                -0.9999999776222555,
                3.542029715045951e-05,
                -0.9858842211440396,
                0.0002115549306405183,
                0.16742836600684377,
                -0.16742836975351305,
                0.0,
                -0.9858842432059054
            ]
        }
    ],
    "version": 7
}